step,agent_id,agent_profile,agent_type,problem_id,problem_title,problem_category,problem_difficulty,agent_skill_before,solved,time_taken,agent_skill_after,recommender_reward,interleaving_factor,total_attempts_recommender,agent_skill_Arrays_and_Hashing,agent_skill_Two_Pointers,agent_skill_Stack,agent_skill_Sliding_Window,agent_skill_Binary_Search,agent_skill_Linked_List,agent_skill_Tree,agent_skill_Tries,agent_skill_Heap_/_Priority_Queue,agent_skill_Backtracking,agent_skill_Intervals,agent_skill_Greedy,agent_skill_Graph,agent_skill_Graph2,agent_skill_1DDP,agent_skill_2DDP,agent_skill_Bit_Manipulation,agent_skill_Math,recommender_reward_Arrays_and_Hashing,recommender_reward_Two_Pointers,recommender_reward_Stack,recommender_reward_Sliding_Window,recommender_reward_Binary_Search,recommender_reward_Linked_List,recommender_reward_Tree,recommender_reward_Tries,recommender_reward_Heap_/_Priority_Queue,recommender_reward_Backtracking,recommender_reward_Intervals,recommender_reward_Greedy,recommender_reward_Graph,recommender_reward_Graph2,recommender_reward_1DDP,recommender_reward_2DDP,recommender_reward_Bit_Manipulation,recommender_reward_Math
1,0,Expert,recommender,10,Valid Palindrome,Two Pointers,Easy,0.6,True,14.02,0.65,1.0,0.31,1,0.6,0.65,0.6,0.6,0.6,0.6,0.6,0.6,0.6,0.6,0.6,0.6,0.6,0.6,0.6,0.6,0.6,0.6,1.0,1.0,1.0,1.0,1.0,1.0,1.0,1.0,1.0,1.0,1.0,1.0,1.0,1.0,1.0,1.0,1.0,1.0
2,0,Expert,recommender,12,3Sum,Two Pointers,Medium,0.65,True,31.26,0.7,0.98,0.32,2,0.6,0.7,0.6,0.6,0.6,0.6,0.6,0.6,0.6,0.6,0.6,0.6,0.6,0.6,0.6,0.6,0.6,0.6,1.0,0.98,1.0,1.0,1.0,1.0,1.0,1.0,1.0,1.0,1.0,1.0,1.0,1.0,1.0,1.0,1.0,1.0
3,0,Expert,recommender,11,Two Sum II - Input Array Is Sorted,Two Pointers,Medium,0.7,False,32.86,0.7,0.902,0.33,3,0.6,0.7,0.6,0.6,0.6,0.6,0.6,0.6,0.6,0.6,0.6,0.6,0.6,0.6,0.6,0.6,0.6,0.6,1.0,0.902,1.0,1.0,1.0,1.0,1.0,1.0,1.0,1.0,1.0,1.0,1.0,1.0,1.0,1.0,1.0,1.0
4,0,Expert,recommender,11,Two Sum II - Input Array Is Sorted,Two Pointers,Medium,0.7,True,28.29,0.75,0.8918,0.34,4,0.6,0.75,0.6,0.6,0.6,0.6,0.6,0.6,0.6,0.6,0.6,0.6,0.6,0.6,0.6,0.6,0.6,0.6,1.0,0.8918,1.0,1.0,1.0,1.0,1.0,1.0,1.0,1.0,1.0,1.0,1.0,1.0,1.0,1.0,1.0,1.0
5,0,Expert,recommender,13,Container With Most Water,Two Pointers,Medium,0.75,True,27.25,0.8,0.8826,0.35,5,0.6,0.8,0.6,0.6,0.6,0.6,0.6,0.6,0.6,0.6,0.6,0.6,0.6,0.6,0.6,0.6,0.6,0.6,1.0,0.8826,1.0,1.0,1.0,1.0,1.0,1.0,1.0,1.0,1.0,1.0,1.0,1.0,1.0,1.0,1.0,1.0
6,0,Expert,recommender,15,Valid Parentheses,Stack,Easy,0.6,False,13.87,0.6,0.94,0.36,6,0.6,0.8,0.6,0.6,0.6,0.6,0.6,0.6,0.6,0.6,0.6,0.6,0.6,0.6,0.6,0.6,0.6,0.6,1.0,0.8826,0.94,1.0,1.0,1.0,1.0,1.0,1.0,1.0,1.0,1.0,1.0,1.0,1.0,1.0,1.0,1.0
7,0,Expert,recommender,15,Valid Parentheses,Stack,Easy,0.6,True,11.57,0.65,0.946,0.37,7,0.6,0.8,0.65,0.6,0.6,0.6,0.6,0.6,0.6,0.6,0.6,0.6,0.6,0.6,0.6,0.6,0.6,0.6,1.0,0.8826,0.946,1.0,1.0,1.0,1.0,1.0,1.0,1.0,1.0,1.0,1.0,1.0,1.0,1.0,1.0,1.0
8,0,Expert,recommender,1,Contains Duplicate,Arrays and Hashing,Easy,0.6,False,15.52,0.6,0.94,0.38,8,0.6,0.8,0.65,0.6,0.6,0.6,0.6,0.6,0.6,0.6,0.6,0.6,0.6,0.6,0.6,0.6,0.6,0.6,0.94,0.8826,0.946,1.0,1.0,1.0,1.0,1.0,1.0,1.0,1.0,1.0,1.0,1.0,1.0,1.0,1.0,1.0
9,0,Expert,recommender,29,Best Time To Buy and Sell Stock,Sliding Window,Easy,0.6,True,10.53,0.65,1.0,0.39,9,0.6,0.8,0.65,0.65,0.6,0.6,0.6,0.6,0.6,0.6,0.6,0.6,0.6,0.6,0.6,0.6,0.6,0.6,0.94,0.8826,0.946,1.0,1.0,1.0,1.0,1.0,1.0,1.0,1.0,1.0,1.0,1.0,1.0,1.0,1.0,1.0
10,0,Expert,recommender,32,Permutation in String,Sliding Window,Medium,0.65,True,26.43,0.7,0.98,0.4,10,0.6,0.8,0.65,0.7,0.6,0.6,0.6,0.6,0.6,0.6,0.6,0.6,0.6,0.6,0.6,0.6,0.6,0.6,0.94,0.8826,0.946,0.98,1.0,1.0,1.0,1.0,1.0,1.0,1.0,1.0,1.0,1.0,1.0,1.0,1.0,1.0
11,0,Expert,recommender,17,Evaluate Revserse Polish Notation,Stack,Medium,0.65,False,36.02,0.65,0.8714,0.41,11,0.6,0.8,0.65,0.7,0.6,0.6,0.6,0.6,0.6,0.6,0.6,0.6,0.6,0.6,0.6,0.6,0.6,0.6,0.94,0.8826,0.8714,0.98,1.0,1.0,1.0,1.0,1.0,1.0,1.0,1.0,1.0,1.0,1.0,1.0,1.0,1.0
12,0,Expert,recommender,22,Binary Search,Binary Search,Easy,0.6,False,18.44,0.6,0.94,0.42,12,0.6,0.8,0.65,0.7,0.6,0.6,0.6,0.6,0.6,0.6,0.6,0.6,0.6,0.6,0.6,0.6,0.6,0.6,0.94,0.8826,0.8714,0.98,0.94,1.0,1.0,1.0,1.0,1.0,1.0,1.0,1.0,1.0,1.0,1.0,1.0,1.0
13,0,Expert,recommender,22,Binary Search,Binary Search,Easy,0.6,False,16.96,0.6,0.886,0.43,13,0.6,0.8,0.65,0.7,0.6,0.6,0.6,0.6,0.6,0.6,0.6,0.6,0.6,0.6,0.6,0.6,0.6,0.6,0.94,0.8826,0.8714,0.98,0.886,1.0,1.0,1.0,1.0,1.0,1.0,1.0,1.0,1.0,1.0,1.0,1.0,1.0
14,0,Expert,recommender,30,Longest Substring Without Repeating Characters,Sliding Window,Medium,0.7,True,26.84,0.75,0.962,0.44,14,0.6,0.8,0.65,0.75,0.6,0.6,0.6,0.6,0.6,0.6,0.6,0.6,0.6,0.6,0.6,0.6,0.6,0.6,0.94,0.8826,0.8714,0.962,0.886,1.0,1.0,1.0,1.0,1.0,1.0,1.0,1.0,1.0,1.0,1.0,1.0,1.0
15,0,Expert,recommender,31,Longest Repeating Character Replacement,Sliding Window,Medium,0.75,True,21.47,0.8,0.9458,0.45,15,0.6,0.8,0.65,0.8,0.6,0.6,0.6,0.6,0.6,0.6,0.6,0.6,0.6,0.6,0.6,0.6,0.6,0.6,0.94,0.8826,0.8714,0.9458,0.886,1.0,1.0,1.0,1.0,1.0,1.0,1.0,1.0,1.0,1.0,1.0,1.0,1.0
16,0,Expert,recommender,22,Binary Search,Binary Search,Easy,0.6,True,7.99,0.65,0.8974,0.46,16,0.6,0.8,0.65,0.8,0.65,0.6,0.6,0.6,0.6,0.6,0.6,0.6,0.6,0.6,0.6,0.6,0.6,0.6,0.94,0.8826,0.8714,0.9458,0.8974,1.0,1.0,1.0,1.0,1.0,1.0,1.0,1.0,1.0,1.0,1.0,1.0,1.0
17,0,Expert,recommender,34,Sliding Window Maximum,Sliding Window,Hard,0.8,True,40.92,0.85,0.9312,0.47,17,0.6,0.8,0.65,0.85,0.65,0.6,0.6,0.6,0.6,0.6,0.6,0.6,0.6,0.6,0.6,0.6,0.6,0.6,0.94,0.8826,0.8714,0.9312,0.8974,1.0,1.0,1.0,1.0,1.0,1.0,1.0,1.0,1.0,1.0,1.0,1.0,1.0
18,0,Expert,recommender,24,Koko Eating Bananas,Binary Search,Medium,0.65,True,25.4,0.7,0.8877,0.48,18,0.6,0.8,0.65,0.85,0.7,0.6,0.6,0.6,0.6,0.6,0.6,0.6,0.6,0.6,0.6,0.6,0.6,0.6,0.94,0.8826,0.8714,0.9312,0.8877,1.0,1.0,1.0,1.0,1.0,1.0,1.0,1.0,1.0,1.0,1.0,1.0,1.0
19,0,Expert,recommender,36,Merge Two Sorted Lists,Linked List,Easy,0.6,False,14.58,0.6,0.94,0.49,19,0.6,0.8,0.65,0.85,0.7,0.6,0.6,0.6,0.6,0.6,0.6,0.6,0.6,0.6,0.6,0.6,0.6,0.6,0.94,0.8826,0.8714,0.9312,0.8877,0.94,1.0,1.0,1.0,1.0,1.0,1.0,1.0,1.0,1.0,1.0,1.0,1.0
20,0,Expert,recommender,37,Linked List Cycle,Linked List,Easy,0.6,False,18.97,0.6,0.886,0.5,20,0.6,0.8,0.65,0.85,0.7,0.6,0.6,0.6,0.6,0.6,0.6,0.6,0.6,0.6,0.6,0.6,0.6,0.6,0.94,0.8826,0.8714,0.9312,0.8877,0.886,1.0,1.0,1.0,1.0,1.0,1.0,1.0,1.0,1.0,1.0,1.0,1.0
21,0,Expert,recommender,33,Minimum Window Substring,Sliding Window,Hard,0.85,False,47.85,0.85,0.8581,0.51,21,0.6,0.8,0.65,0.85,0.7,0.6,0.6,0.6,0.6,0.6,0.6,0.6,0.6,0.6,0.6,0.6,0.6,0.6,0.94,0.8826,0.8714,0.8581,0.8877,0.886,1.0,1.0,1.0,1.0,1.0,1.0,1.0,1.0,1.0,1.0,1.0,1.0
22,0,Expert,recommender,35,Reverse Linked List,Linked List,Easy,0.6,True,11.73,0.65,0.8974,0.52,22,0.6,0.8,0.65,0.85,0.7,0.65,0.6,0.6,0.6,0.6,0.6,0.6,0.6,0.6,0.6,0.6,0.6,0.6,0.94,0.8826,0.8714,0.8581,0.8877,0.8974,1.0,1.0,1.0,1.0,1.0,1.0,1.0,1.0,1.0,1.0,1.0,1.0
23,0,Expert,recommender,17,Evaluate Revserse Polish Notation,Stack,Medium,0.65,False,38.76,0.65,0.8043,0.53,23,0.6,0.8,0.65,0.85,0.7,0.65,0.6,0.6,0.6,0.6,0.6,0.6,0.6,0.6,0.6,0.6,0.6,0.6,0.94,0.8826,0.8043,0.8581,0.8877,0.8974,1.0,1.0,1.0,1.0,1.0,1.0,1.0,1.0,1.0,1.0,1.0,1.0
24,0,Expert,recommender,20,Car Fleet,Stack,Medium,0.65,False,30.53,0.65,0.7438,0.54,24,0.6,0.8,0.65,0.85,0.7,0.65,0.6,0.6,0.6,0.6,0.6,0.6,0.6,0.6,0.6,0.6,0.6,0.6,0.94,0.8826,0.7438,0.8581,0.8877,0.8974,1.0,1.0,1.0,1.0,1.0,1.0,1.0,1.0,1.0,1.0,1.0,1.0
25,0,Expert,recommender,37,Linked List Cycle,Linked List,Easy,0.65,True,11.13,0.7,0.9077,0.55,25,0.6,0.8,0.65,0.85,0.7,0.7,0.6,0.6,0.6,0.6,0.6,0.6,0.6,0.6,0.6,0.6,0.6,0.6,0.94,0.8826,0.7438,0.8581,0.8877,0.9077,1.0,1.0,1.0,1.0,1.0,1.0,1.0,1.0,1.0,1.0,1.0,1.0
26,0,Expert,recommender,3,Two Sum,Arrays and Hashing,Easy,0.6,True,8.63,0.65,0.946,0.56,26,0.65,0.8,0.65,0.85,0.7,0.7,0.6,0.6,0.6,0.6,0.6,0.6,0.6,0.6,0.6,0.6,0.6,0.6,0.946,0.8826,0.7438,0.8581,0.8877,0.9077,1.0,1.0,1.0,1.0,1.0,1.0,1.0,1.0,1.0,1.0,1.0,1.0
27,0,Expert,recommender,27,Time Based Key Value Store,Binary Search,Medium,0.7,True,19.06,0.75,0.8989,0.57,27,0.65,0.8,0.65,0.85,0.75,0.7,0.6,0.6,0.6,0.6,0.6,0.6,0.6,0.6,0.6,0.6,0.6,0.6,0.946,0.8826,0.7438,0.8581,0.8989,0.9077,1.0,1.0,1.0,1.0,1.0,1.0,1.0,1.0,1.0,1.0,1.0,1.0
28,0,Expert,recommender,36,Merge Two Sorted Lists,Linked List,Easy,0.7,True,11.01,0.75,0.9169,0.58,28,0.65,0.8,0.65,0.85,0.75,0.75,0.6,0.6,0.6,0.6,0.6,0.6,0.6,0.6,0.6,0.6,0.6,0.6,0.946,0.8826,0.7438,0.8581,0.8989,0.9169,1.0,1.0,1.0,1.0,1.0,1.0,1.0,1.0,1.0,1.0,1.0,1.0
29,0,Expert,recommender,1,Contains Duplicate,Arrays and Hashing,Easy,0.65,True,8.24,0.7,0.9514,0.59,29,0.7,0.8,0.65,0.85,0.75,0.75,0.6,0.6,0.6,0.6,0.6,0.6,0.6,0.6,0.6,0.6,0.6,0.6,0.9514,0.8826,0.7438,0.8581,0.8989,0.9169,1.0,1.0,1.0,1.0,1.0,1.0,1.0,1.0,1.0,1.0,1.0,1.0
30,0,Expert,recommender,2,Valid Anagram,Arrays and Hashing,Easy,0.7,True,11.45,0.75,0.9563,0.6,30,0.75,0.8,0.65,0.85,0.75,0.75,0.6,0.6,0.6,0.6,0.6,0.6,0.6,0.6,0.6,0.6,0.6,0.6,0.9563,0.8826,0.7438,0.8581,0.8989,0.9169,1.0,1.0,1.0,1.0,1.0,1.0,1.0,1.0,1.0,1.0,1.0,1.0
31,0,Expert,recommender,8,Valid Sudoku,Arrays and Hashing,Medium,0.75,False,38.37,0.75,0.8806,0.61,31,0.75,0.8,0.65,0.85,0.75,0.75,0.6,0.6,0.6,0.6,0.6,0.6,0.6,0.6,0.6,0.6,0.6,0.6,0.8806,0.8826,0.7438,0.8581,0.8989,0.9169,1.0,1.0,1.0,1.0,1.0,1.0,1.0,1.0,1.0,1.0,1.0,1.0
32,0,Expert,recommender,46,Invert Binary Tree,Tree,Easy,0.6,True,11.12,0.65,1.0,0.62,32,0.75,0.8,0.65,0.85,0.75,0.75,0.65,0.6,0.6,0.6,0.6,0.6,0.6,0.6,0.6,0.6,0.6,0.6,0.8806,0.8826,0.7438,0.8581,0.8989,0.9169,1.0,1.0,1.0,1.0,1.0,1.0,1.0,1.0,1.0,1.0,1.0,1.0
33,0,Expert,recommender,38,Reorder List,Linked List,Medium,0.75,True,35.12,0.8,0.9052,0.63,33,0.75,0.8,0.65,0.85,0.75,0.8,0.65,0.6,0.6,0.6,0.6,0.6,0.6,0.6,0.6,0.6,0.6,0.6,0.8806,0.8826,0.7438,0.8581,0.8989,0.9052,1.0,1.0,1.0,1.0,1.0,1.0,1.0,1.0,1.0,1.0,1.0,1.0
34,0,Expert,recommender,39,Remove Nth Node From End Of List,Linked List,Medium,0.8,False,35.42,0.8,0.8347,0.64,34,0.75,0.8,0.65,0.85,0.75,0.8,0.65,0.6,0.6,0.6,0.6,0.6,0.6,0.6,0.6,0.6,0.6,0.6,0.8806,0.8826,0.7438,0.8581,0.8989,0.8347,1.0,1.0,1.0,1.0,1.0,1.0,1.0,1.0,1.0,1.0,1.0,1.0
35,0,Expert,recommender,23,Search A 2D Matrix,Binary Search,Medium,0.75,True,24.37,0.8,0.889,0.65,35,0.75,0.8,0.65,0.85,0.8,0.8,0.65,0.6,0.6,0.6,0.6,0.6,0.6,0.6,0.6,0.6,0.6,0.6,0.8806,0.8826,0.7438,0.8581,0.889,0.8347,1.0,1.0,1.0,1.0,1.0,1.0,1.0,1.0,1.0,1.0,1.0,1.0
36,0,Expert,recommender,48,Diameter of Binary Tree,Tree,Easy,0.65,False,16.73,0.65,0.94,0.66,36,0.75,0.8,0.65,0.85,0.8,0.8,0.65,0.6,0.6,0.6,0.6,0.6,0.6,0.6,0.6,0.6,0.6,0.6,0.8806,0.8826,0.7438,0.8581,0.889,0.8347,0.94,1.0,1.0,1.0,1.0,1.0,1.0,1.0,1.0,1.0,1.0,1.0
37,0,Expert,recommender,16,Min Stack,Stack,Medium,0.65,False,31.2,0.65,0.6895,0.67,37,0.75,0.8,0.65,0.85,0.8,0.8,0.65,0.6,0.6,0.6,0.6,0.6,0.6,0.6,0.6,0.6,0.6,0.6,0.8806,0.8826,0.6895,0.8581,0.889,0.8347,0.94,1.0,1.0,1.0,1.0,1.0,1.0,1.0,1.0,1.0,1.0,1.0
38,0,Expert,recommender,26,Search in Rotated Sorted Array,Binary Search,Medium,0.8,True,16.3,0.85,0.9001,0.68,38,0.75,0.8,0.65,0.85,0.85,0.8,0.65,0.6,0.6,0.6,0.6,0.6,0.6,0.6,0.6,0.6,0.6,0.6,0.8806,0.8826,0.6895,0.8581,0.9001,0.8347,0.94,1.0,1.0,1.0,1.0,1.0,1.0,1.0,1.0,1.0,1.0,1.0
39,0,Expert,recommender,48,Diameter of Binary Tree,Tree,Easy,0.65,True,15.65,0.7,0.946,0.69,39,0.75,0.8,0.65,0.85,0.85,0.8,0.7,0.6,0.6,0.6,0.6,0.6,0.6,0.6,0.6,0.6,0.6,0.6,0.8806,0.8826,0.6895,0.8581,0.9001,0.8347,0.946,1.0,1.0,1.0,1.0,1.0,1.0,1.0,1.0,1.0,1.0,1.0
40,0,Expert,recommender,50,Same Tree,Tree,Easy,0.7,True,7.6,0.75,0.9514,0.7,40,0.75,0.8,0.65,0.85,0.85,0.8,0.75,0.6,0.6,0.6,0.6,0.6,0.6,0.6,0.6,0.6,0.6,0.6,0.8806,0.8826,0.6895,0.8581,0.9001,0.8347,0.9514,1.0,1.0,1.0,1.0,1.0,1.0,1.0,1.0,1.0,1.0,1.0
41,0,Expert,recommender,47,Maximum Depth of Binary Tree,Tree,Easy,0.75,True,11.31,0.8,0.9563,0.7,41,0.75,0.8,0.65,0.85,0.85,0.8,0.8,0.6,0.6,0.6,0.6,0.6,0.6,0.6,0.6,0.6,0.6,0.6,0.8806,0.8826,0.6895,0.8581,0.9001,0.8347,0.9563,1.0,1.0,1.0,1.0,1.0,1.0,1.0,1.0,1.0,1.0,1.0
42,0,Expert,recommender,49,Balanced Binary Tree,Tree,Easy,0.8,True,11.68,0.85,0.9606,0.7,42,0.75,0.8,0.65,0.85,0.85,0.8,0.85,0.6,0.6,0.6,0.6,0.6,0.6,0.6,0.6,0.6,0.6,0.6,0.8806,0.8826,0.6895,0.8581,0.9001,0.8347,0.9606,1.0,1.0,1.0,1.0,1.0,1.0,1.0,1.0,1.0,1.0,1.0
43,0,Expert,recommender,51,Subtree of Another Tree,Tree,Easy,0.85,True,11.16,0.9,0.9646,0.7,43,0.75,0.8,0.65,0.85,0.85,0.8,0.9,0.6,0.6,0.6,0.6,0.6,0.6,0.6,0.6,0.6,0.6,0.6,0.8806,0.8826,0.6895,0.8581,0.9001,0.8347,0.9646,1.0,1.0,1.0,1.0,1.0,1.0,1.0,1.0,1.0,1.0,1.0
44,0,Expert,recommender,62,Design Add and Search Word Data Structure,Tries,Medium,0.6,True,24.97,0.65,0.98,0.7,44,0.75,0.8,0.65,0.85,0.85,0.8,0.9,0.65,0.6,0.6,0.6,0.6,0.6,0.6,0.6,0.6,0.6,0.6,0.8806,0.8826,0.6895,0.8581,0.9001,0.8347,0.9646,0.98,1.0,1.0,1.0,1.0,1.0,1.0,1.0,1.0,1.0,1.0
45,0,Expert,recommender,61,Implement Trie,Tries,Medium,0.65,False,34.04,0.65,0.902,0.7,45,0.75,0.8,0.65,0.85,0.85,0.8,0.9,0.65,0.6,0.6,0.6,0.6,0.6,0.6,0.6,0.6,0.6,0.6,0.8806,0.8826,0.6895,0.8581,0.9001,0.8347,0.9646,0.902,1.0,1.0,1.0,1.0,1.0,1.0,1.0,1.0,1.0,1.0
46,0,Expert,recommender,25,Find Minimum In Rotated Sorted Array,Binary Search,Medium,0.85,False,30.27,0.85,0.8301,0.7,46,0.75,0.8,0.65,0.85,0.85,0.8,0.9,0.65,0.6,0.6,0.6,0.6,0.6,0.6,0.6,0.6,0.6,0.6,0.8806,0.8826,0.6895,0.8581,0.8301,0.8347,0.9646,0.902,1.0,1.0,1.0,1.0,1.0,1.0,1.0,1.0,1.0,1.0
47,0,Expert,recommender,54,Binary Tree Right Side View,Tree,Medium,0.9,True,33.19,0.95,0.9481,0.7,47,0.75,0.8,0.65,0.85,0.85,0.8,0.95,0.65,0.6,0.6,0.6,0.6,0.6,0.6,0.6,0.6,0.6,0.6,0.8806,0.8826,0.6895,0.8581,0.8301,0.8347,0.9481,0.902,1.0,1.0,1.0,1.0,1.0,1.0,1.0,1.0,1.0,1.0
48,0,Expert,recommender,7,Product of Array Except Self,Arrays and Hashing,Medium,0.75,True,25.98,0.8,0.8726,0.7,48,0.8,0.8,0.65,0.85,0.85,0.8,0.95,0.65,0.6,0.6,0.6,0.6,0.6,0.6,0.6,0.6,0.6,0.6,0.8726,0.8826,0.6895,0.8581,0.8301,0.8347,0.9481,0.902,1.0,1.0,1.0,1.0,1.0,1.0,1.0,1.0,1.0,1.0
49,0,Expert,recommender,61,Implement Trie,Tries,Medium,0.65,True,26.17,0.7,0.8918,0.7,49,0.8,0.8,0.65,0.85,0.85,0.8,0.95,0.7,0.6,0.6,0.6,0.6,0.6,0.6,0.6,0.6,0.6,0.6,0.8726,0.8826,0.6895,0.8581,0.8301,0.8347,0.9481,0.8918,1.0,1.0,1.0,1.0,1.0,1.0,1.0,1.0,1.0,1.0
50,0,Expert,recommender,33,Minimum Window Substring,Sliding Window,Hard,0.85,True,48.22,0.9,0.8523,0.7,50,0.8,0.8,0.65,0.9,0.85,0.8,0.95,0.7,0.6,0.6,0.6,0.6,0.6,0.6,0.6,0.6,0.6,0.6,0.8726,0.8826,0.6895,0.8523,0.8301,0.8347,0.9481,0.8918,1.0,1.0,1.0,1.0,1.0,1.0,1.0,1.0,1.0,1.0
51,0,Expert,recommender,63,Word Search II,Tries,Hard,0.7,True,41.31,0.75,0.8826,0.7,51,0.8,0.8,0.65,0.9,0.85,0.8,0.95,0.75,0.6,0.6,0.6,0.6,0.6,0.6,0.6,0.6,0.6,0.6,0.8726,0.8826,0.6895,0.8523,0.8301,0.8347,0.9481,0.8826,1.0,1.0,1.0,1.0,1.0,1.0,1.0,1.0,1.0,1.0
52,0,Expert,recommender,140,Missing Number,Bit Manipulation,Easy,0.6,True,17.17,0.65,1.0,0.7,52,0.8,0.8,0.65,0.9,0.85,0.8,0.95,0.75,0.6,0.6,0.6,0.6,0.6,0.6,0.6,0.6,0.65,0.6,0.8726,0.8826,0.6895,0.8523,0.8301,0.8347,0.9481,0.8826,1.0,1.0,1.0,1.0,1.0,1.0,1.0,1.0,1.0,1.0
53,0,Expert,recommender,25,Find Minimum In Rotated Sorted Array,Binary Search,Medium,0.85,False,36.58,0.85,0.7671,0.7,53,0.8,0.8,0.65,0.9,0.85,0.8,0.95,0.75,0.6,0.6,0.6,0.6,0.6,0.6,0.6,0.6,0.65,0.6,0.8726,0.8826,0.6895,0.8523,0.7671,0.8347,0.9481,0.8826,1.0,1.0,1.0,1.0,1.0,1.0,1.0,1.0,1.0,1.0
54,0,Expert,recommender,14,Trapping Rain Water,Two Pointers,Hard,0.8,False,49.41,0.8,0.8144,0.7,54,0.8,0.8,0.65,0.9,0.85,0.8,0.95,0.75,0.6,0.6,0.6,0.6,0.6,0.6,0.6,0.6,0.65,0.6,0.8726,0.8144,0.6895,0.8523,0.7671,0.8347,0.9481,0.8826,1.0,1.0,1.0,1.0,1.0,1.0,1.0,1.0,1.0,1.0
55,0,Expert,recommender,52,Lowest Common Ancestor of A BST,Tree,Medium,0.95,True,22.05,1.0,0.9333,0.7,55,0.8,0.8,0.65,0.9,0.85,0.8,1.0,0.75,0.6,0.6,0.6,0.6,0.6,0.6,0.6,0.6,0.65,0.6,0.8726,0.8144,0.6895,0.8523,0.7671,0.8347,0.9333,0.8826,1.0,1.0,1.0,1.0,1.0,1.0,1.0,1.0,1.0,1.0
56,0,Expert,recommender,6,Encode and Decode Strings,Arrays and Hashing,Medium,0.8,True,29.25,0.85,0.8653,0.7,56,0.85,0.8,0.65,0.9,0.85,0.8,1.0,0.75,0.6,0.6,0.6,0.6,0.6,0.6,0.6,0.6,0.65,0.6,0.8653,0.8144,0.6895,0.8523,0.7671,0.8347,0.9333,0.8826,1.0,1.0,1.0,1.0,1.0,1.0,1.0,1.0,1.0,1.0
57,0,Expert,recommender,122,Word Break,1DDP,Medium,0.6,True,35.84,0.65,0.98,0.7,57,0.85,0.8,0.65,0.9,0.85,0.8,1.0,0.75,0.6,0.6,0.6,0.6,0.6,0.6,0.65,0.6,0.65,0.6,0.8653,0.8144,0.6895,0.8523,0.7671,0.8347,0.9333,0.8826,1.0,1.0,1.0,1.0,1.0,1.0,0.98,1.0,1.0,1.0
58,0,Expert,recommender,89,Gas Station,Greedy,Medium,0.6,True,27.39,0.65,0.98,0.7,58,0.85,0.8,0.65,0.9,0.85,0.8,1.0,0.75,0.6,0.6,0.6,0.65,0.6,0.6,0.65,0.6,0.65,0.6,0.8653,0.8144,0.6895,0.8523,0.7671,0.8347,0.9333,0.8826,1.0,1.0,1.0,0.98,1.0,1.0,0.98,1.0,1.0,1.0
59,0,Expert,recommender,145,Set Matrix Zeroes,Math,Medium,0.6,False,29.3,0.6,0.94,0.7,59,0.85,0.8,0.65,0.9,0.85,0.8,1.0,0.75,0.6,0.6,0.6,0.65,0.6,0.6,0.65,0.6,0.65,0.6,0.8653,0.8144,0.6895,0.8523,0.7671,0.8347,0.9333,0.8826,1.0,1.0,1.0,0.98,1.0,1.0,0.98,1.0,1.0,0.94
60,0,Expert,recommender,55,Count Good Nodes in Binary Tree,Tree,Medium,1.0,True,17.86,1.0,0.94,0.7,60,0.85,0.8,0.65,0.9,0.85,0.8,1.0,0.75,0.6,0.6,0.6,0.65,0.6,0.6,0.65,0.6,0.65,0.6,0.8653,0.8144,0.6895,0.8523,0.7671,0.8347,0.94,0.8826,1.0,1.0,1.0,0.98,1.0,1.0,0.98,1.0,1.0,0.94
61,0,Expert,recommender,57,Kth Smallest Element in A BST,Tree,Medium,1.0,False,33.6,1.0,0.866,0.7,61,0.85,0.8,0.65,0.9,0.85,0.8,1.0,0.75,0.6,0.6,0.6,0.65,0.6,0.6,0.65,0.6,0.65,0.6,0.8653,0.8144,0.6895,0.8523,0.7671,0.8347,0.866,0.8826,1.0,1.0,1.0,0.98,1.0,1.0,0.98,1.0,1.0,0.94
62,0,Expert,recommender,40,Copy List With Random Pointer,Linked List,Medium,0.8,True,33.97,0.85,0.8312,0.7,62,0.85,0.8,0.65,0.9,0.85,0.85,1.0,0.75,0.6,0.6,0.6,0.65,0.6,0.6,0.65,0.6,0.65,0.6,0.8653,0.8144,0.6895,0.8523,0.7671,0.8312,0.866,0.8826,1.0,1.0,1.0,0.98,1.0,1.0,0.98,1.0,1.0,0.94
63,0,Expert,recommender,25,Find Minimum In Rotated Sorted Array,Binary Search,Medium,0.85,True,18.41,0.9,0.7904,0.7,63,0.85,0.8,0.65,0.9,0.9,0.85,1.0,0.75,0.6,0.6,0.6,0.65,0.6,0.6,0.65,0.6,0.65,0.6,0.8653,0.8144,0.6895,0.8523,0.7904,0.8312,0.866,0.8826,1.0,1.0,1.0,0.98,1.0,1.0,0.98,1.0,1.0,0.94
64,0,Expert,recommender,5,Top K Frequent Elements,Arrays and Hashing,Medium,0.85,True,23.72,0.9,0.8588,0.7,64,0.9,0.8,0.65,0.9,0.9,0.85,1.0,0.75,0.6,0.6,0.6,0.65,0.6,0.6,0.65,0.6,0.65,0.6,0.8588,0.8144,0.6895,0.8523,0.7904,0.8312,0.866,0.8826,1.0,1.0,1.0,0.98,1.0,1.0,0.98,1.0,1.0,0.94
65,0,Expert,recommender,57,Kth Smallest Element in A BST,Tree,Medium,1.0,True,23.35,1.0,0.8594,0.7,65,0.9,0.8,0.65,0.9,0.9,0.85,1.0,0.75,0.6,0.6,0.6,0.65,0.6,0.6,0.65,0.6,0.65,0.6,0.8588,0.8144,0.6895,0.8523,0.7904,0.8312,0.8594,0.8826,1.0,1.0,1.0,0.98,1.0,1.0,0.98,1.0,1.0,0.94
66,0,Expert,recommender,76,Word Search,Backtracking,Medium,0.6,True,35.05,0.65,0.98,0.7,66,0.9,0.8,0.65,0.9,0.9,0.85,1.0,0.75,0.6,0.65,0.6,0.65,0.6,0.6,0.65,0.6,0.65,0.6,0.8588,0.8144,0.6895,0.8523,0.7904,0.8312,0.8594,0.8826,1.0,0.98,1.0,0.98,1.0,1.0,0.98,1.0,1.0,0.94
67,0,Expert,recommender,113,Climbing Stairs,1DDP,Easy,0.65,True,13.57,0.7,0.982,0.7,67,0.9,0.8,0.65,0.9,0.9,0.85,1.0,0.75,0.6,0.65,0.6,0.65,0.6,0.6,0.7,0.6,0.65,0.6,0.8588,0.8144,0.6895,0.8523,0.7904,0.8312,0.8594,0.8826,1.0,0.98,1.0,0.98,1.0,1.0,0.982,1.0,1.0,0.94
68,0,Expert,recommender,4,Group Anagrams,Arrays and Hashing,Medium,0.9,False,27.07,0.9,0.8129,0.7,68,0.9,0.8,0.65,0.9,0.9,0.85,1.0,0.75,0.6,0.65,0.6,0.65,0.6,0.6,0.7,0.6,0.65,0.6,0.8129,0.8144,0.6895,0.8523,0.7904,0.8312,0.8594,0.8826,1.0,0.98,1.0,0.98,1.0,1.0,0.982,1.0,1.0,0.94
69,0,Expert,recommender,92,Partition Labels,Greedy,Medium,0.65,True,25.02,0.7,0.962,0.7,69,0.9,0.8,0.65,0.9,0.9,0.85,1.0,0.75,0.6,0.65,0.6,0.7,0.6,0.6,0.7,0.6,0.65,0.6,0.8129,0.8144,0.6895,0.8523,0.7904,0.8312,0.8594,0.8826,1.0,0.98,1.0,0.962,1.0,1.0,0.982,1.0,1.0,0.94
70,0,Expert,recommender,9,Longest Consecutive Sequence,Arrays and Hashing,Medium,0.9,True,23.75,0.95,0.8116,0.7,70,0.95,0.8,0.65,0.9,0.9,0.85,1.0,0.75,0.6,0.65,0.6,0.7,0.6,0.6,0.7,0.6,0.65,0.6,0.8116,0.8144,0.6895,0.8523,0.7904,0.8312,0.8594,0.8826,1.0,0.98,1.0,0.962,1.0,1.0,0.982,1.0,1.0,0.94
71,0,Expert,recommender,56,Validate BST,Tree,Medium,1.0,True,20.93,1.0,0.8534,0.7,71,0.95,0.8,0.65,0.9,0.9,0.85,1.0,0.75,0.6,0.65,0.6,0.7,0.6,0.6,0.7,0.6,0.65,0.6,0.8116,0.8144,0.6895,0.8523,0.7904,0.8312,0.8534,0.8826,1.0,0.98,1.0,0.962,1.0,1.0,0.982,1.0,1.0,0.94
72,0,Expert,recommender,145,Set Matrix Zeroes,Math,Medium,0.6,False,29.14,0.6,0.886,0.7,72,0.95,0.8,0.65,0.9,0.9,0.85,1.0,0.75,0.6,0.65,0.6,0.7,0.6,0.6,0.7,0.6,0.65,0.6,0.8116,0.8144,0.6895,0.8523,0.7904,0.8312,0.8534,0.8826,1.0,0.98,1.0,0.962,1.0,1.0,0.982,1.0,1.0,0.886
73,0,Expert,recommender,87,Jump Game,Greedy,Medium,0.7,True,31.4,0.75,0.9458,0.7,73,0.95,0.8,0.65,0.9,0.9,0.85,1.0,0.75,0.6,0.65,0.6,0.75,0.6,0.6,0.7,0.6,0.65,0.6,0.8116,0.8144,0.6895,0.8523,0.7904,0.8312,0.8534,0.8826,1.0,0.98,1.0,0.9458,1.0,1.0,0.982,1.0,1.0,0.886
74,0,Expert,recommender,8,Valid Sudoku,Arrays and Hashing,Medium,0.95,True,17.66,1.0,0.8305,0.7,74,1.0,0.8,0.65,0.9,0.9,0.85,1.0,0.75,0.6,0.65,0.6,0.75,0.6,0.6,0.7,0.6,0.65,0.6,0.8305,0.8144,0.6895,0.8523,0.7904,0.8312,0.8534,0.8826,1.0,0.98,1.0,0.9458,1.0,1.0,0.982,1.0,1.0,0.886
75,0,Expert,recommender,79,N-Queens,Backtracking,Hard,0.65,False,54.72,0.65,0.902,0.7,75,1.0,0.8,0.65,0.9,0.9,0.85,1.0,0.75,0.6,0.65,0.6,0.75,0.6,0.6,0.7,0.6,0.65,0.6,0.8305,0.8144,0.6895,0.8523,0.7904,0.8312,0.8534,0.8826,1.0,0.902,1.0,0.9458,1.0,1.0,0.982,1.0,1.0,0.886
76,0,Expert,recommender,58,Construct Binary Tree from Preorder and Inorder Traversal,Tree,Medium,1.0,True,21.95,1.0,0.8481,0.7,76,1.0,0.8,0.65,0.9,0.9,0.85,1.0,0.75,0.6,0.65,0.6,0.75,0.6,0.6,0.7,0.6,0.65,0.6,0.8305,0.8144,0.6895,0.8523,0.7904,0.8312,0.8481,0.8826,1.0,0.902,1.0,0.9458,1.0,1.0,0.982,1.0,1.0,0.886
77,0,Expert,recommender,53,Binary Tree Level Order Traversal,Tree,Medium,1.0,True,22.27,1.0,0.8433,0.7,77,1.0,0.8,0.65,0.9,0.9,0.85,1.0,0.75,0.6,0.65,0.6,0.75,0.6,0.6,0.7,0.6,0.65,0.6,0.8305,0.8144,0.6895,0.8523,0.7904,0.8312,0.8433,0.8826,1.0,0.902,1.0,0.9458,1.0,1.0,0.982,1.0,1.0,0.886
78,0,Expert,recommender,59,Binary Tree Maximum Path Sum,Tree,Hard,1.0,False,44.46,1.0,0.779,0.7,78,1.0,0.8,0.65,0.9,0.9,0.85,1.0,0.75,0.6,0.65,0.6,0.75,0.6,0.6,0.7,0.6,0.65,0.6,0.8305,0.8144,0.6895,0.8523,0.7904,0.8312,0.779,0.8826,1.0,0.902,1.0,0.9458,1.0,1.0,0.982,1.0,1.0,0.886
79,0,Expert,recommender,138,Counting Bits,Bit Manipulation,Easy,0.65,True,10.68,0.7,1.0,0.7,79,1.0,0.8,0.65,0.9,0.9,0.85,1.0,0.75,0.6,0.65,0.6,0.75,0.6,0.6,0.7,0.6,0.7,0.6,0.8305,0.8144,0.6895,0.8523,0.7904,0.8312,0.779,0.8826,1.0,0.902,1.0,0.9458,1.0,1.0,0.982,1.0,1.0,0.886
80,0,Expert,recommender,4,Group Anagrams,Arrays and Hashing,Medium,1.0,True,19.65,1.0,0.8474,0.7,80,1.0,0.8,0.65,0.9,0.9,0.85,1.0,0.75,0.6,0.65,0.6,0.75,0.6,0.6,0.7,0.6,0.7,0.6,0.8474,0.8144,0.6895,0.8523,0.7904,0.8312,0.779,0.8826,1.0,0.902,1.0,0.9458,1.0,1.0,0.982,1.0,1.0,0.886
81,0,Expert,recommender,144,Spiral Matrix,Math,Medium,0.6,False,34.11,0.6,0.8174,0.7,81,1.0,0.8,0.65,0.9,0.9,0.85,1.0,0.75,0.6,0.65,0.6,0.75,0.6,0.6,0.7,0.6,0.7,0.6,0.8474,0.8144,0.6895,0.8523,0.7904,0.8312,0.779,0.8826,1.0,0.902,1.0,0.9458,1.0,1.0,0.982,1.0,1.0,0.8174
82,0,Expert,recommender,149,Multiply Strings,Math,Medium,0.6,False,37.94,0.6,0.7557,0.7,82,1.0,0.8,0.65,0.9,0.9,0.85,1.0,0.75,0.6,0.65,0.6,0.75,0.6,0.6,0.7,0.6,0.7,0.6,0.8474,0.8144,0.6895,0.8523,0.7904,0.8312,0.779,0.8826,1.0,0.902,1.0,0.9458,1.0,1.0,0.982,1.0,1.0,0.7557
83,0,Expert,recommender,16,Min Stack,Stack,Medium,0.65,True,29.14,0.7,0.7005,0.7,83,1.0,0.8,0.7,0.9,0.9,0.85,1.0,0.75,0.6,0.65,0.6,0.75,0.6,0.6,0.7,0.6,0.7,0.6,0.8474,0.8144,0.7005,0.8523,0.7904,0.8312,0.779,0.8826,1.0,0.902,1.0,0.9458,1.0,1.0,0.982,1.0,1.0,0.7557
84,0,Expert,recommender,149,Multiply Strings,Math,Medium,0.6,True,29.94,0.65,0.7601,0.7,84,1.0,0.8,0.7,0.9,0.9,0.85,1.0,0.75,0.6,0.65,0.6,0.75,0.6,0.6,0.7,0.6,0.7,0.65,0.8474,0.8144,0.7005,0.8523,0.7904,0.8312,0.779,0.8826,1.0,0.902,1.0,0.9458,1.0,1.0,0.982,1.0,1.0,0.7601
85,0,Expert,recommender,78,Letter Combinations of a Phone Number,Backtracking,Medium,0.65,True,29.57,0.7,0.8918,0.7,85,1.0,0.8,0.7,0.9,0.9,0.85,1.0,0.75,0.6,0.7,0.6,0.75,0.6,0.6,0.7,0.6,0.7,0.65,0.8474,0.8144,0.7005,0.8523,0.7904,0.8312,0.779,0.8826,1.0,0.8918,1.0,0.9458,1.0,1.0,0.982,1.0,1.0,0.7601
86,0,Expert,recommender,77,Palindrome Partitioning,Backtracking,Medium,0.7,True,19.44,0.75,0.9026,0.7,86,1.0,0.8,0.7,0.9,0.9,0.85,1.0,0.75,0.6,0.75,0.6,0.75,0.6,0.6,0.7,0.6,0.7,0.65,0.8474,0.8144,0.7005,0.8523,0.7904,0.8312,0.779,0.8826,1.0,0.9026,1.0,0.9458,1.0,1.0,0.982,1.0,1.0,0.7601
87,0,Expert,recommender,125,Unique Paths,2DDP,Medium,0.6,True,34.62,0.65,0.98,0.7,87,1.0,0.8,0.7,0.9,0.9,0.85,1.0,0.75,0.6,0.75,0.6,0.75,0.6,0.6,0.7,0.65,0.7,0.65,0.8474,0.8144,0.7005,0.8523,0.7904,0.8312,0.779,0.8826,1.0,0.9026,1.0,0.9458,1.0,1.0,0.982,0.98,1.0,0.7601
88,0,Expert,recommender,143,Rotate Image,Math,Medium,0.65,False,37.77,0.65,0.7041,0.7,88,1.0,0.8,0.7,0.9,0.9,0.85,1.0,0.75,0.6,0.75,0.6,0.75,0.6,0.6,0.7,0.65,0.7,0.65,0.8474,0.8144,0.7005,0.8523,0.7904,0.8312,0.779,0.8826,1.0,0.9026,1.0,0.9458,1.0,1.0,0.982,0.98,1.0,0.7041
89,0,Expert,recommender,107,Network Delay Time,Graph2,Medium,0.6,False,31.56,0.6,0.92,0.7,89,1.0,0.8,0.7,0.9,0.9,0.85,1.0,0.75,0.6,0.75,0.6,0.75,0.6,0.6,0.7,0.65,0.7,0.65,0.8474,0.8144,0.7005,0.8523,0.7904,0.8312,0.779,0.8826,1.0,0.9026,1.0,0.9458,1.0,0.92,0.982,0.98,1.0,0.7041
90,0,Expert,recommender,124,Partition Equal Subset Sum,1DDP,Medium,0.7,False,31.58,0.7,0.9038,0.7,90,1.0,0.8,0.7,0.9,0.9,0.85,1.0,0.75,0.6,0.75,0.6,0.75,0.6,0.6,0.7,0.65,0.7,0.65,0.8474,0.8144,0.7005,0.8523,0.7904,0.8312,0.779,0.8826,1.0,0.9026,1.0,0.9458,1.0,0.92,0.9038,0.98,1.0,0.7041
91,0,Expert,recommender,127,Best Time to Buy and Sell Stock w/ Cooldown,2DDP,Medium,0.65,True,27.94,0.7,0.962,0.7,91,1.0,0.8,0.7,0.9,0.9,0.85,1.0,0.75,0.6,0.75,0.6,0.75,0.6,0.6,0.7,0.7,0.7,0.65,0.8474,0.8144,0.7005,0.8523,0.7904,0.8312,0.779,0.8826,1.0,0.9026,1.0,0.9458,1.0,0.92,0.9038,0.962,1.0,0.7041
92,0,Expert,recommender,112,Cheapest Flights in K stops,Graph2,Medium,0.6,False,38.61,0.6,0.848,0.7,92,1.0,0.8,0.7,0.9,0.9,0.85,1.0,0.75,0.6,0.75,0.6,0.75,0.6,0.6,0.7,0.7,0.7,0.65,0.8474,0.8144,0.7005,0.8523,0.7904,0.8312,0.779,0.8826,1.0,0.9026,1.0,0.9458,1.0,0.848,0.9038,0.962,1.0,0.7041
93,0,Expert,recommender,144,Spiral Matrix,Math,Medium,0.65,True,25.54,0.7,0.7137,0.7,93,1.0,0.8,0.7,0.9,0.9,0.85,1.0,0.75,0.6,0.75,0.6,0.75,0.6,0.6,0.7,0.7,0.7,0.7,0.8474,0.8144,0.7005,0.8523,0.7904,0.8312,0.779,0.8826,1.0,0.9026,1.0,0.9458,1.0,0.848,0.9038,0.962,1.0,0.7137
94,0,Expert,recommender,142,Reverse Integer,Bit Manipulation,Medium,0.7,False,33.32,0.7,0.92,0.7,94,1.0,0.8,0.7,0.9,0.9,0.85,1.0,0.75,0.6,0.75,0.6,0.75,0.6,0.6,0.7,0.7,0.7,0.7,0.8474,0.8144,0.7005,0.8523,0.7904,0.8312,0.779,0.8826,1.0,0.9026,1.0,0.9458,1.0,0.848,0.9038,0.962,0.92,0.7137
95,0,Expert,recommender,71,Subsets,Backtracking,Medium,0.75,False,29.57,0.75,0.8524,0.7,95,1.0,0.8,0.7,0.9,0.9,0.85,1.0,0.75,0.6,0.75,0.6,0.75,0.6,0.6,0.7,0.7,0.7,0.7,0.8474,0.8144,0.7005,0.8523,0.7904,0.8312,0.779,0.8826,1.0,0.8524,1.0,0.9458,1.0,0.848,0.9038,0.962,0.92,0.7137
96,0,Expert,recommender,98,Rotting Oranges,Graph,Medium,0.6,True,34.19,0.65,0.98,0.7,96,1.0,0.8,0.7,0.9,0.9,0.85,1.0,0.75,0.6,0.75,0.6,0.75,0.65,0.6,0.7,0.7,0.7,0.7,0.8474,0.8144,0.7005,0.8523,0.7904,0.8312,0.779,0.8826,1.0,0.8524,1.0,0.9458,0.98,0.848,0.9038,0.962,0.92,0.7137
97,0,Expert,recommender,74,Permutations,Backtracking,Medium,0.75,True,28.3,0.8,0.8471,0.7,97,1.0,0.8,0.7,0.9,0.9,0.85,1.0,0.75,0.6,0.8,0.6,0.75,0.65,0.6,0.7,0.7,0.7,0.7,0.8474,0.8144,0.7005,0.8523,0.7904,0.8312,0.779,0.8826,1.0,0.8471,1.0,0.9458,0.98,0.848,0.9038,0.962,0.92,0.7137
98,0,Expert,recommender,59,Binary Tree Maximum Path Sum,Tree,Hard,1.0,True,43.38,1.0,0.7811,0.7,98,1.0,0.8,0.7,0.9,0.9,0.85,1.0,0.75,0.6,0.8,0.6,0.75,0.65,0.6,0.7,0.7,0.7,0.7,0.8474,0.8144,0.7005,0.8523,0.7904,0.8312,0.7811,0.8826,1.0,0.8471,1.0,0.9458,0.98,0.848,0.9038,0.962,0.92,0.7137
99,0,Expert,recommender,14,Trapping Rain Water,Two Pointers,Hard,0.8,False,57.26,0.8,0.7529,0.7,99,1.0,0.8,0.7,0.9,0.9,0.85,1.0,0.75,0.6,0.8,0.6,0.75,0.65,0.6,0.7,0.7,0.7,0.7,0.8474,0.7529,0.7005,0.8523,0.7904,0.8312,0.7811,0.8826,1.0,0.8471,1.0,0.9458,0.98,0.848,0.9038,0.962,0.92,0.7137
100,0,Expert,recommender,60,Serialize and Deserialize Binary Tree,Tree,Hard,1.0,True,32.64,1.0,0.783,0.7,100,1.0,0.8,0.7,0.9,0.9,0.85,1.0,0.75,0.6,0.8,0.6,0.75,0.65,0.6,0.7,0.7,0.7,0.7,0.8474,0.7529,0.7005,0.8523,0.7904,0.8312,0.783,0.8826,1.0,0.8471,1.0,0.9458,0.98,0.848,0.9038,0.962,0.92,0.7137
101,0,Expert,recommender,139,Reverse Bits,Bit Manipulation,Easy,0.7,True,10.86,0.75,0.928,0.7,101,1.0,0.8,0.7,0.9,0.9,0.85,1.0,0.75,0.6,0.8,0.6,0.75,0.65,0.6,0.7,0.7,0.75,0.7,0.8474,0.7529,0.7005,0.8523,0.7904,0.8312,0.783,0.8826,1.0,0.8471,1.0,0.9458,0.98,0.848,0.9038,0.962,0.928,0.7137
102,0,Expert,recommender,129,Target Sum,2DDP,Medium,0.7,False,32.73,0.7,0.8858,0.7,102,1.0,0.8,0.7,0.9,0.9,0.85,1.0,0.75,0.6,0.8,0.6,0.75,0.65,0.6,0.7,0.7,0.75,0.7,0.8474,0.7529,0.7005,0.8523,0.7904,0.8312,0.783,0.8826,1.0,0.8471,1.0,0.9458,0.98,0.848,0.9038,0.8858,0.928,0.7137
103,0,Expert,recommender,141,Sum of Two Integers,Bit Manipulation,Medium,0.75,True,30.17,0.8,0.9152,0.7,103,1.0,0.8,0.7,0.9,0.9,0.85,1.0,0.75,0.6,0.8,0.6,0.75,0.65,0.6,0.7,0.7,0.8,0.7,0.8474,0.7529,0.7005,0.8523,0.7904,0.8312,0.783,0.8826,1.0,0.8471,1.0,0.9458,0.98,0.848,0.9038,0.8858,0.9152,0.7137
104,0,Expert,recommender,82,Non Overlapping Intervals,Intervals,Medium,0.6,False,28.43,0.6,0.94,0.7,104,1.0,0.8,0.7,0.9,0.9,0.85,1.0,0.75,0.6,0.8,0.6,0.75,0.65,0.6,0.7,0.7,0.8,0.7,0.8474,0.7529,0.7005,0.8523,0.7904,0.8312,0.783,0.8826,1.0,0.8471,0.94,0.9458,0.98,0.848,0.9038,0.8858,0.9152,0.7137
105,0,Expert,recommender,133,Edit Distance,2DDP,Medium,0.7,True,28.71,0.75,0.8772,0.7,105,1.0,0.8,0.7,0.9,0.9,0.85,1.0,0.75,0.6,0.8,0.6,0.75,0.65,0.6,0.7,0.75,0.8,0.7,0.8474,0.7529,0.7005,0.8523,0.7904,0.8312,0.783,0.8826,1.0,0.8471,0.94,0.9458,0.98,0.848,0.9038,0.8772,0.9152,0.7137
106,0,Expert,recommender,80,Insert Interval,Intervals,Medium,0.6,False,27.93,0.6,0.886,0.7,106,1.0,0.8,0.7,0.9,0.9,0.85,1.0,0.75,0.6,0.8,0.6,0.75,0.65,0.6,0.7,0.75,0.8,0.7,0.8474,0.7529,0.7005,0.8523,0.7904,0.8312,0.783,0.8826,1.0,0.8471,0.886,0.9458,0.98,0.848,0.9038,0.8772,0.9152,0.7137
107,0,Expert,recommender,21,Largest Rectangle in Histogram,Stack,Hard,0.7,False,60,0.7,0.6505,0.7,107,1.0,0.8,0.7,0.9,0.9,0.85,1.0,0.75,0.6,0.8,0.6,0.75,0.65,0.6,0.7,0.75,0.8,0.7,0.8474,0.7529,0.6505,0.8523,0.7904,0.8312,0.783,0.8826,1.0,0.8471,0.886,0.9458,0.98,0.848,0.9038,0.8772,0.9152,0.7137
108,0,Expert,recommender,39,Remove Nth Node From End Of List,Linked List,Medium,0.85,True,24.89,0.9,0.8281,0.7,108,1.0,0.8,0.7,0.9,0.9,0.9,1.0,0.75,0.6,0.8,0.6,0.75,0.65,0.6,0.7,0.75,0.8,0.7,0.8474,0.7529,0.6505,0.8523,0.7904,0.8281,0.783,0.8826,1.0,0.8471,0.886,0.9458,0.98,0.848,0.9038,0.8772,0.9152,0.7137
109,0,Expert,recommender,129,Target Sum,2DDP,Medium,0.75,False,34.57,0.75,0.8095,0.7,109,1.0,0.8,0.7,0.9,0.9,0.9,1.0,0.75,0.6,0.8,0.6,0.75,0.65,0.6,0.7,0.75,0.8,0.7,0.8474,0.7529,0.6505,0.8523,0.7904,0.8281,0.783,0.8826,1.0,0.8471,0.886,0.9458,0.98,0.848,0.9038,0.8095,0.9152,0.7137
110,0,Expert,recommender,130,Interleaving String,2DDP,Medium,0.75,False,33.5,0.75,0.7485,0.7,110,1.0,0.8,0.7,0.9,0.9,0.9,1.0,0.75,0.6,0.8,0.6,0.75,0.65,0.6,0.7,0.75,0.8,0.7,0.8474,0.7529,0.6505,0.8523,0.7904,0.8281,0.783,0.8826,1.0,0.8471,0.886,0.9458,0.98,0.848,0.9038,0.7485,0.9152,0.7137
111,0,Expert,recommender,65,Last Stone Weight,Heap / Priority Queue,Easy,0.6,True,9.43,0.65,1.0,0.7,111,1.0,0.8,0.7,0.9,0.9,0.9,1.0,0.75,0.65,0.8,0.6,0.75,0.65,0.6,0.7,0.75,0.8,0.7,0.8474,0.7529,0.6505,0.8523,0.7904,0.8281,0.783,0.8826,1.0,0.8471,0.886,0.9458,0.98,0.848,0.9038,0.7485,0.9152,0.7137
112,0,Expert,recommender,109,Min Cost to Connect All Points,Graph2,Medium,0.6,False,38.87,0.6,0.7832,0.7,112,1.0,0.8,0.7,0.9,0.9,0.9,1.0,0.75,0.65,0.8,0.6,0.75,0.65,0.6,0.7,0.75,0.8,0.7,0.8474,0.7529,0.6505,0.8523,0.7904,0.8281,0.783,0.8826,1.0,0.8471,0.886,0.9458,0.98,0.7832,0.9038,0.7485,0.9152,0.7137
113,0,Expert,recommender,97,Walls and Gates,Graph,Medium,0.65,False,28.53,0.65,0.922,0.7,113,1.0,0.8,0.7,0.9,0.9,0.9,1.0,0.75,0.65,0.8,0.6,0.75,0.65,0.6,0.7,0.75,0.8,0.7,0.8474,0.7529,0.6505,0.8523,0.7904,0.8281,0.783,0.8826,1.0,0.8471,0.886,0.9458,0.922,0.7832,0.9038,0.7485,0.9152,0.7137
114,0,Expert,recommender,108,Reconstruct Itinerary,Graph2,Hard,0.6,False,49.46,0.6,0.7249,0.7,114,1.0,0.8,0.7,0.9,0.9,0.9,1.0,0.75,0.65,0.8,0.6,0.75,0.65,0.6,0.7,0.75,0.8,0.7,0.8474,0.7529,0.6505,0.8523,0.7904,0.8281,0.783,0.8826,1.0,0.8471,0.886,0.9458,0.922,0.7249,0.9038,0.7485,0.9152,0.7137
115,0,Expert,recommender,114,Min Cost Climbing Stairs,1DDP,Easy,0.7,True,11.5,0.75,0.9134,0.7,115,1.0,0.8,0.7,0.9,0.9,0.9,1.0,0.75,0.65,0.8,0.6,0.75,0.65,0.6,0.75,0.75,0.8,0.7,0.8474,0.7529,0.6505,0.8523,0.7904,0.8281,0.783,0.8826,1.0,0.8471,0.886,0.9458,0.922,0.7249,0.9134,0.7485,0.9152,0.7137
116,0,Expert,recommender,95,Max Area of Island,Graph,Medium,0.65,False,30.52,0.65,0.8498,0.7,116,1.0,0.8,0.7,0.9,0.9,0.9,1.0,0.75,0.65,0.8,0.6,0.75,0.65,0.6,0.75,0.75,0.8,0.7,0.8474,0.7529,0.6505,0.8523,0.7904,0.8281,0.783,0.8826,1.0,0.8471,0.886,0.9458,0.8498,0.7249,0.9134,0.7485,0.9152,0.7137
117,0,Expert,recommender,66,K Closest Points To Origin,Heap / Priority Queue,Medium,0.65,True,34.19,0.7,0.98,0.7,117,1.0,0.8,0.7,0.9,0.9,0.9,1.0,0.75,0.7,0.8,0.6,0.75,0.65,0.6,0.75,0.75,0.8,0.7,0.8474,0.7529,0.6505,0.8523,0.7904,0.8281,0.783,0.8826,0.98,0.8471,0.886,0.9458,0.8498,0.7249,0.9134,0.7485,0.9152,0.7137
118,0,Expert,recommender,124,Partition Equal Subset Sum,1DDP,Medium,0.75,True,35.69,0.8,0.9021,0.7,118,1.0,0.8,0.7,0.9,0.9,0.9,1.0,0.75,0.7,0.8,0.6,0.75,0.65,0.6,0.8,0.75,0.8,0.7,0.8474,0.7529,0.6505,0.8523,0.7904,0.8281,0.783,0.8826,0.98,0.8471,0.886,0.9458,0.8498,0.7249,0.9021,0.7485,0.9152,0.7137
119,0,Expert,recommender,17,Evaluate Revserse Polish Notation,Stack,Medium,0.7,False,37.66,0.7,0.6054,0.7,119,1.0,0.8,0.7,0.9,0.9,0.9,1.0,0.75,0.7,0.8,0.6,0.75,0.65,0.6,0.8,0.75,0.8,0.7,0.8474,0.7529,0.6054,0.8523,0.7904,0.8281,0.783,0.8826,0.98,0.8471,0.886,0.9458,0.8498,0.7249,0.9021,0.7485,0.9152,0.7137
120,0,Expert,recommender,69,Design Twitter,Heap / Priority Queue,Medium,0.7,False,34.92,0.7,0.902,0.7,120,1.0,0.8,0.7,0.9,0.9,0.9,1.0,0.75,0.7,0.8,0.6,0.75,0.65,0.6,0.8,0.75,0.8,0.7,0.8474,0.7529,0.6054,0.8523,0.7904,0.8281,0.783,0.8826,0.902,0.8471,0.886,0.9458,0.8498,0.7249,0.9021,0.7485,0.9152,0.7137
121,0,Expert,recommender,146,Happy Number,Math,Easy,0.7,True,10.68,0.75,0.7423,0.7,121,1.0,0.8,0.7,0.9,0.9,0.9,1.0,0.75,0.7,0.8,0.6,0.75,0.65,0.6,0.8,0.75,0.8,0.75,0.8474,0.7529,0.6054,0.8523,0.7904,0.8281,0.783,0.8826,0.902,0.8471,0.886,0.9458,0.8498,0.7249,0.9021,0.7485,0.9152,0.7423
122,0,Expert,recommender,93,Valid Parenthesis String,Greedy,Medium,0.75,True,22.3,0.8,0.9312,0.7,122,1.0,0.8,0.7,0.9,0.9,0.9,1.0,0.75,0.7,0.8,0.6,0.8,0.65,0.6,0.8,0.75,0.8,0.75,0.8474,0.7529,0.6054,0.8523,0.7904,0.8281,0.783,0.8826,0.902,0.8471,0.886,0.9312,0.8498,0.7249,0.9021,0.7485,0.9152,0.7423
123,0,Expert,recommender,128,Coin Change II,2DDP,Medium,0.75,False,38.2,0.75,0.6937,0.7,123,1.0,0.8,0.7,0.9,0.9,0.9,1.0,0.75,0.7,0.8,0.6,0.8,0.65,0.6,0.8,0.75,0.8,0.75,0.8474,0.7529,0.6054,0.8523,0.7904,0.8281,0.783,0.8826,0.902,0.8471,0.886,0.9312,0.8498,0.7249,0.9021,0.6937,0.9152,0.7423
124,0,Expert,recommender,75,Subsets II,Backtracking,Medium,0.8,True,27.23,0.85,0.8424,0.7,124,1.0,0.8,0.7,0.9,0.9,0.9,1.0,0.75,0.7,0.85,0.6,0.8,0.65,0.6,0.8,0.75,0.8,0.75,0.8474,0.7529,0.6054,0.8523,0.7904,0.8281,0.783,0.8826,0.902,0.8424,0.886,0.9312,0.8498,0.7249,0.9021,0.6937,0.9152,0.7423
125,0,Expert,recommender,86,Maximum Subarray,Greedy,Medium,0.8,True,31.25,0.85,0.9181,0.7,125,1.0,0.8,0.7,0.9,0.9,0.9,1.0,0.75,0.7,0.85,0.6,0.85,0.65,0.6,0.8,0.75,0.8,0.75,0.8474,0.7529,0.6054,0.8523,0.7904,0.8281,0.783,0.8826,0.902,0.8424,0.886,0.9181,0.8498,0.7249,0.9021,0.6937,0.9152,0.7423
126,0,Expert,recommender,73,Combination Sum II,Backtracking,Medium,0.85,False,34.39,0.85,0.7782,0.7,126,1.0,0.8,0.7,0.9,0.9,0.9,1.0,0.75,0.7,0.85,0.6,0.85,0.65,0.6,0.8,0.75,0.8,0.75,0.8474,0.7529,0.6054,0.8523,0.7904,0.8281,0.783,0.8826,0.902,0.7782,0.886,0.9181,0.8498,0.7249,0.9021,0.6937,0.9152,0.7423
127,0,Expert,recommender,134,Burst Baloons,2DDP,Hard,0.75,True,38.64,0.8,0.7043,0.7,127,1.0,0.8,0.7,0.9,0.9,0.9,1.0,0.75,0.7,0.85,0.6,0.85,0.65,0.6,0.8,0.8,0.8,0.75,0.8474,0.7529,0.6054,0.8523,0.7904,0.8281,0.783,0.8826,0.902,0.7782,0.886,0.9181,0.8498,0.7249,0.9021,0.7043,0.9152,0.7423
128,0,Expert,recommender,128,Coin Change II,2DDP,Medium,0.8,True,21.7,0.85,0.7139,0.7,128,1.0,0.8,0.7,0.9,0.9,0.9,1.0,0.75,0.7,0.85,0.6,0.85,0.65,0.6,0.8,0.85,0.8,0.75,0.8474,0.7529,0.6054,0.8523,0.7904,0.8281,0.783,0.8826,0.902,0.7782,0.886,0.9181,0.8498,0.7249,0.9021,0.7139,0.9152,0.7423
129,0,Expert,recommender,142,Reverse Integer,Bit Manipulation,Medium,0.8,True,28.81,0.85,0.9037,0.7,129,1.0,0.8,0.7,0.9,0.9,0.9,1.0,0.75,0.7,0.85,0.6,0.85,0.65,0.6,0.8,0.85,0.85,0.75,0.8474,0.7529,0.6054,0.8523,0.7904,0.8281,0.783,0.8826,0.902,0.7782,0.886,0.9181,0.8498,0.7249,0.9021,0.7139,0.9037,0.7423
130,0,Expert,recommender,105,Redundant Connection,Graph,Medium,0.65,False,29.17,0.65,0.8048,0.7,130,1.0,0.8,0.7,0.9,0.9,0.9,1.0,0.75,0.7,0.85,0.6,0.85,0.65,0.6,0.8,0.85,0.85,0.75,0.8474,0.7529,0.6054,0.8523,0.7904,0.8281,0.783,0.8826,0.902,0.7782,0.886,0.9181,0.8048,0.7249,0.9021,0.7139,0.9037,0.7423
131,0,Expert,recommender,71,Subsets,Backtracking,Medium,0.85,False,29.38,0.85,0.7404,0.7,131,1.0,0.8,0.7,0.9,0.9,0.9,1.0,0.75,0.7,0.85,0.6,0.85,0.65,0.6,0.8,0.85,0.85,0.75,0.8474,0.7529,0.6054,0.8523,0.7904,0.8281,0.783,0.8826,0.902,0.7404,0.886,0.9181,0.8048,0.7249,0.9021,0.7139,0.9037,0.7423
132,0,Expert,recommender,97,Walls and Gates,Graph,Medium,0.65,True,25.59,0.7,0.8043,0.7,132,1.0,0.8,0.7,0.9,0.9,0.9,1.0,0.75,0.7,0.85,0.6,0.85,0.7,0.6,0.8,0.85,0.85,0.75,0.8474,0.7529,0.6054,0.8523,0.7904,0.8281,0.783,0.8826,0.902,0.7404,0.886,0.9181,0.8043,0.7249,0.9021,0.7139,0.9037,0.7423
133,0,Expert,recommender,42,Find the Duplicate Number,Linked List,Medium,0.9,True,21.97,0.95,0.8253,0.7,133,1.0,0.8,0.7,0.9,0.9,0.95,1.0,0.75,0.7,0.85,0.6,0.85,0.7,0.6,0.8,0.85,0.85,0.75,0.8474,0.7529,0.6054,0.8523,0.7904,0.8253,0.783,0.8826,0.902,0.7404,0.886,0.9181,0.8043,0.7249,0.9021,0.7139,0.9037,0.7423
134,0,Expert,recommender,145,Set Matrix Zeroes,Math,Medium,0.75,False,37.13,0.75,0.6881,0.7,134,1.0,0.8,0.7,0.9,0.9,0.95,1.0,0.75,0.7,0.85,0.6,0.85,0.7,0.6,0.8,0.85,0.85,0.75,0.8474,0.7529,0.6054,0.8523,0.7904,0.8253,0.783,0.8826,0.902,0.7404,0.886,0.9181,0.8043,0.7249,0.9021,0.7139,0.9037,0.6881
135,0,Expert,recommender,67,Kth Largest Element in an Array,Heap / Priority Queue,Medium,0.7,True,15.15,0.75,0.9118,0.7,135,1.0,0.8,0.7,0.9,0.9,0.95,1.0,0.75,0.75,0.85,0.6,0.85,0.7,0.6,0.8,0.85,0.85,0.75,0.8474,0.7529,0.6054,0.8523,0.7904,0.8253,0.783,0.8826,0.9118,0.7404,0.886,0.9181,0.8043,0.7249,0.9021,0.7139,0.9037,0.6881
136,0,Expert,recommender,90,Hand of Straights,Greedy,Medium,0.85,True,32.97,0.9,0.9063,0.7,136,1.0,0.8,0.7,0.9,0.9,0.95,1.0,0.75,0.75,0.85,0.6,0.9,0.7,0.6,0.8,0.85,0.85,0.75,0.8474,0.7529,0.6054,0.8523,0.7904,0.8253,0.783,0.8826,0.9118,0.7404,0.886,0.9063,0.8043,0.7249,0.9021,0.7139,0.9037,0.6881
137,0,Expert,recommender,28,Median of Two Sorted Arrays,Binary Search,Hard,0.9,False,43.69,0.9,0.7313,0.7,137,1.0,0.8,0.7,0.9,0.9,0.95,1.0,0.75,0.75,0.85,0.6,0.9,0.7,0.6,0.8,0.85,0.85,0.75,0.8474,0.7529,0.6054,0.8523,0.7313,0.8253,0.783,0.8826,0.9118,0.7404,0.886,0.9063,0.8043,0.7249,0.9021,0.7139,0.9037,0.6881
138,0,Expert,recommender,120,Coin Change,1DDP,Medium,0.8,True,25.5,0.85,0.8919,0.7,138,1.0,0.8,0.7,0.9,0.9,0.95,1.0,0.75,0.75,0.85,0.6,0.9,0.7,0.6,0.85,0.85,0.85,0.75,0.8474,0.7529,0.6054,0.8523,0.7313,0.8253,0.783,0.8826,0.9118,0.7404,0.886,0.9063,0.8043,0.7249,0.8919,0.7139,0.9037,0.6881
139,0,Expert,recommender,43,LRU cache,Linked List,Medium,0.95,True,20.27,1.0,0.8228,0.7,139,1.0,0.8,0.7,0.9,0.9,1.0,1.0,0.75,0.75,0.85,0.6,0.9,0.7,0.6,0.85,0.85,0.85,0.75,0.8474,0.7529,0.6054,0.8523,0.7313,0.8228,0.783,0.8826,0.9118,0.7404,0.886,0.9063,0.8043,0.7249,0.8919,0.7139,0.9037,0.6881
140,0,Expert,recommender,109,Min Cost to Connect All Points,Graph2,Medium,0.6,True,31.61,0.65,0.7324,0.7,140,1.0,0.8,0.7,0.9,0.9,1.0,1.0,0.75,0.75,0.85,0.6,0.9,0.7,0.65,0.85,0.85,0.85,0.75,0.8474,0.7529,0.6054,0.8523,0.7313,0.8228,0.783,0.8826,0.9118,0.7404,0.886,0.9063,0.8043,0.7324,0.8919,0.7139,0.9037,0.6881
141,0,Expert,recommender,117,Longest Palindromic Substring,1DDP,Medium,0.85,True,26.97,0.9,0.8827,0.7,141,1.0,0.8,0.7,0.9,0.9,1.0,1.0,0.75,0.75,0.85,0.6,0.9,0.7,0.65,0.9,0.85,0.85,0.75,0.8474,0.7529,0.6054,0.8523,0.7313,0.8228,0.783,0.8826,0.9118,0.7404,0.886,0.9063,0.8043,0.7324,0.8827,0.7139,0.9037,0.6881
142,0,Expert,recommender,72,Combination Sum,Backtracking,Medium,0.85,False,28.74,0.85,0.7063,0.7,142,1.0,0.8,0.7,0.9,0.9,1.0,1.0,0.75,0.75,0.85,0.6,0.9,0.7,0.65,0.9,0.85,0.85,0.75,0.8474,0.7529,0.6054,0.8523,0.7313,0.8228,0.783,0.8826,0.9118,0.7063,0.886,0.9063,0.8043,0.7324,0.8827,0.7139,0.9037,0.6881
143,0,Expert,recommender,118,Palindromic Substrings,1DDP,Medium,0.9,True,15.56,0.95,0.8944,0.7,143,1.0,0.8,0.7,0.9,0.9,1.0,1.0,0.75,0.75,0.85,0.6,0.9,0.7,0.65,0.95,0.85,0.85,0.75,0.8474,0.7529,0.6054,0.8523,0.7313,0.8228,0.783,0.8826,0.9118,0.7063,0.886,0.9063,0.8043,0.7324,0.8944,0.7139,0.9037,0.6881
144,0,Expert,recommender,110,Swim in Rising Water,Graph2,Hard,0.65,False,54.11,0.65,0.6792,0.7,144,1.0,0.8,0.7,0.9,0.9,1.0,1.0,0.75,0.75,0.85,0.6,0.9,0.7,0.65,0.95,0.85,0.85,0.75,0.8474,0.7529,0.6054,0.8523,0.7313,0.8228,0.783,0.8826,0.9118,0.7063,0.886,0.9063,0.8043,0.6792,0.8944,0.7139,0.9037,0.6881
145,0,Expert,recommender,41,Add Two Numbers,Linked List,Medium,1.0,True,22.59,1.0,0.8205,0.7,145,1.0,0.8,0.7,0.9,0.9,1.0,1.0,0.75,0.75,0.85,0.6,0.9,0.7,0.65,0.95,0.85,0.85,0.75,0.8474,0.7529,0.6054,0.8523,0.7313,0.8205,0.783,0.8826,0.9118,0.7063,0.886,0.9063,0.8043,0.6792,0.8944,0.7139,0.9037,0.6881
146,0,Expert,recommender,21,Largest Rectangle in Histogram,Stack,Hard,0.7,False,42.18,0.7,0.5649,0.7,146,1.0,0.8,0.7,0.9,0.9,1.0,1.0,0.75,0.75,0.85,0.6,0.9,0.7,0.65,0.95,0.85,0.85,0.75,0.8474,0.7529,0.5649,0.8523,0.7313,0.8205,0.783,0.8826,0.9118,0.7063,0.886,0.9063,0.8043,0.6792,0.8944,0.7139,0.9037,0.6881
147,0,Expert,recommender,126,Longest Common Subsequence,2DDP,Medium,0.85,False,37.84,0.85,0.6625,0.7,147,1.0,0.8,0.7,0.9,0.9,1.0,1.0,0.75,0.75,0.85,0.6,0.9,0.7,0.65,0.95,0.85,0.85,0.75,0.8474,0.7529,0.5649,0.8523,0.7313,0.8205,0.783,0.8826,0.9118,0.7063,0.886,0.9063,0.8043,0.6792,0.8944,0.6625,0.9037,0.6881
148,0,Expert,recommender,108,Reconstruct Itinerary,Graph2,Hard,0.65,False,60,0.65,0.6312,0.7,148,1.0,0.8,0.7,0.9,0.9,1.0,1.0,0.75,0.75,0.85,0.6,0.9,0.7,0.65,0.95,0.85,0.85,0.75,0.8474,0.7529,0.5649,0.8523,0.7313,0.8205,0.783,0.8826,0.9118,0.7063,0.886,0.9063,0.8043,0.6312,0.8944,0.6625,0.9037,0.6881
149,0,Expert,recommender,28,Median of Two Sorted Arrays,Binary Search,Hard,0.9,True,39.24,0.95,0.7382,0.7,149,1.0,0.8,0.7,0.9,0.95,1.0,1.0,0.75,0.75,0.85,0.6,0.9,0.7,0.65,0.95,0.85,0.85,0.75,0.8474,0.7529,0.5649,0.8523,0.7382,0.8205,0.783,0.8826,0.9118,0.7063,0.886,0.9063,0.8043,0.6312,0.8944,0.6625,0.9037,0.6881
150,0,Expert,recommender,110,Swim in Rising Water,Graph2,Hard,0.65,False,43.74,0.65,0.5881,0.7,150,1.0,0.8,0.7,0.9,0.95,1.0,1.0,0.75,0.75,0.85,0.6,0.9,0.7,0.65,0.95,0.85,0.85,0.75,0.8474,0.7529,0.5649,0.8523,0.7382,0.8205,0.783,0.8826,0.9118,0.7063,0.886,0.9063,0.8043,0.5881,0.8944,0.6625,0.9037,0.6881
151,0,Expert,recommender,131,Longest Increasing Path in a Matrix,2DDP,Hard,0.85,True,44.67,0.9,0.6763,0.7,151,1.0,0.8,0.7,0.9,0.95,1.0,1.0,0.75,0.75,0.85,0.6,0.9,0.7,0.65,0.95,0.9,0.85,0.75,0.8474,0.7529,0.5649,0.8523,0.7382,0.8205,0.783,0.8826,0.9118,0.7063,0.886,0.9063,0.8043,0.5881,0.8944,0.6763,0.9037,0.6881
152,0,Expert,recommender,14,Trapping Rain Water,Two Pointers,Hard,0.8,True,41.37,0.85,0.7576,0.7,152,1.0,0.85,0.7,0.9,0.95,1.0,1.0,0.75,0.75,0.85,0.6,0.9,0.7,0.65,0.95,0.9,0.85,0.75,0.8474,0.7576,0.5649,0.8523,0.7382,0.8205,0.783,0.8826,0.9118,0.7063,0.886,0.9063,0.8043,0.5881,0.8944,0.6763,0.9037,0.6881
153,0,Expert,recommender,101,Course Schedule,Graph,Medium,0.7,True,33.36,0.75,0.8039,0.7,153,1.0,0.85,0.7,0.9,0.95,1.0,1.0,0.75,0.75,0.85,0.6,0.9,0.75,0.65,0.95,0.9,0.85,0.75,0.8474,0.7576,0.5649,0.8523,0.7382,0.8205,0.783,0.8826,0.9118,0.7063,0.886,0.9063,0.8039,0.5881,0.8944,0.6763,0.9037,0.6881
154,0,Expert,recommender,44,Merge K Sorted Lists,Linked List,Hard,1.0,True,50.25,1.0,0.8184,0.7,154,1.0,0.85,0.7,0.9,0.95,1.0,1.0,0.75,0.75,0.85,0.6,0.9,0.75,0.65,0.95,0.9,0.85,0.75,0.8474,0.7576,0.5649,0.8523,0.7382,0.8184,0.783,0.8826,0.9118,0.7063,0.886,0.9063,0.8039,0.5881,0.8944,0.6763,0.9037,0.6881
155,0,Expert,recommender,100,Surrounded Regions,Graph,Medium,0.75,True,22.03,0.8,0.8035,0.7,155,1.0,0.85,0.7,0.9,0.95,1.0,1.0,0.75,0.75,0.85,0.6,0.9,0.8,0.65,0.95,0.9,0.85,0.75,0.8474,0.7576,0.5649,0.8523,0.7382,0.8184,0.783,0.8826,0.9118,0.7063,0.886,0.9063,0.8035,0.5881,0.8944,0.6763,0.9037,0.6881
156,0,Expert,recommender,18,Generate Parenthesis,Stack,Medium,0.7,False,30.22,0.7,0.5284,0.7,156,1.0,0.85,0.7,0.9,0.95,1.0,1.0,0.75,0.75,0.85,0.6,0.9,0.8,0.65,0.95,0.9,0.85,0.75,0.8474,0.7576,0.5284,0.8523,0.7382,0.8184,0.783,0.8826,0.9118,0.7063,0.886,0.9063,0.8035,0.5881,0.8944,0.6763,0.9037,0.6881
157,0,Expert,recommender,145,Set Matrix Zeroes,Math,Medium,0.75,False,35.75,0.75,0.6393,0.7,157,1.0,0.85,0.7,0.9,0.95,1.0,1.0,0.75,0.75,0.85,0.6,0.9,0.8,0.65,0.95,0.9,0.85,0.75,0.8474,0.7576,0.5284,0.8523,0.7382,0.8184,0.783,0.8826,0.9118,0.7063,0.886,0.9063,0.8035,0.5881,0.8944,0.6763,0.9037,0.6393
158,0,Expert,recommender,132,Distinct Subsequences,2DDP,Hard,0.9,False,53.97,0.9,0.6286,0.7,158,1.0,0.85,0.7,0.9,0.95,1.0,1.0,0.75,0.75,0.85,0.6,0.9,0.8,0.65,0.95,0.9,0.85,0.75,0.8474,0.7576,0.5284,0.8523,0.7382,0.8184,0.783,0.8826,0.9118,0.7063,0.886,0.9063,0.8035,0.5881,0.8944,0.6286,0.9037,0.6393
159,0,Expert,recommender,150,Detect Squares,Math,Medium,0.75,True,16.13,0.8,0.6753,0.7,159,1.0,0.85,0.7,0.9,0.95,1.0,1.0,0.75,0.75,0.85,0.6,0.9,0.8,0.65,0.95,0.9,0.85,0.8,0.8474,0.7576,0.5284,0.8523,0.7382,0.8184,0.783,0.8826,0.9118,0.7063,0.886,0.9063,0.8035,0.5881,0.8944,0.6286,0.9037,0.6753
160,0,Expert,recommender,18,Generate Parenthesis,Stack,Medium,0.7,False,36.69,0.7,0.4955,0.7,160,1.0,0.85,0.7,0.9,0.95,1.0,1.0,0.75,0.75,0.85,0.6,0.9,0.8,0.65,0.95,0.9,0.85,0.8,0.8474,0.7576,0.4955,0.8523,0.7382,0.8184,0.783,0.8826,0.9118,0.7063,0.886,0.9063,0.8035,0.5881,0.8944,0.6286,0.9037,0.6753
161,0,Expert,recommender,105,Redundant Connection,Graph,Medium,0.8,False,33.47,0.8,0.7432,0.7,161,1.0,0.85,0.7,0.9,0.95,1.0,1.0,0.75,0.75,0.85,0.6,0.9,0.8,0.65,0.95,0.9,0.85,0.8,0.8474,0.7576,0.4955,0.8523,0.7382,0.8184,0.783,0.8826,0.9118,0.7063,0.886,0.9063,0.7432,0.5881,0.8944,0.6286,0.9037,0.6753
162,0,Expert,recommender,110,Swim in Rising Water,Graph2,Hard,0.65,True,37.2,0.7,0.6093,0.7,162,1.0,0.85,0.7,0.9,0.95,1.0,1.0,0.75,0.75,0.85,0.6,0.9,0.8,0.7,0.95,0.9,0.85,0.8,0.8474,0.7576,0.4955,0.8523,0.7382,0.8184,0.783,0.8826,0.9118,0.7063,0.886,0.9063,0.7432,0.6093,0.8944,0.6286,0.9037,0.6753
163,0,Expert,recommender,126,Longest Common Subsequence,2DDP,Medium,0.9,False,30.3,0.9,0.5858,0.7,163,1.0,0.85,0.7,0.9,0.95,1.0,1.0,0.75,0.75,0.85,0.6,0.9,0.8,0.7,0.95,0.9,0.85,0.8,0.8474,0.7576,0.4955,0.8523,0.7382,0.8184,0.783,0.8826,0.9118,0.7063,0.886,0.9063,0.7432,0.6093,0.8944,0.5858,0.9037,0.6753
164,0,Expert,recommender,129,Target Sum,2DDP,Medium,0.9,True,16.78,0.95,0.6272,0.7,164,1.0,0.85,0.7,0.9,0.95,1.0,1.0,0.75,0.75,0.85,0.6,0.9,0.8,0.7,0.95,0.95,0.85,0.8,0.8474,0.7576,0.4955,0.8523,0.7382,0.8184,0.783,0.8826,0.9118,0.7063,0.886,0.9063,0.7432,0.6093,0.8944,0.6272,0.9037,0.6753
165,0,Expert,recommender,70,Find Median From Data Stream,Heap / Priority Queue,Hard,0.75,True,48.7,0.8,0.9006,0.7,165,1.0,0.85,0.7,0.9,0.95,1.0,1.0,0.75,0.8,0.85,0.6,0.9,0.8,0.7,0.95,0.95,0.85,0.8,0.8474,0.7576,0.4955,0.8523,0.7382,0.8184,0.783,0.8826,0.9006,0.7063,0.886,0.9063,0.7432,0.6093,0.8944,0.6272,0.9037,0.6753
166,0,Expert,recommender,126,Longest Common Subsequence,2DDP,Medium,0.95,True,17.64,1.0,0.6645,0.7,166,1.0,0.85,0.7,0.9,0.95,1.0,1.0,0.75,0.8,0.85,0.6,0.9,0.8,0.7,0.95,1.0,0.85,0.8,0.8474,0.7576,0.4955,0.8523,0.7382,0.8184,0.783,0.8826,0.9006,0.7063,0.886,0.9063,0.7432,0.6093,0.8944,0.6645,0.9037,0.6753
167,0,Expert,recommender,112,Cheapest Flights in K stops,Graph2,Medium,0.7,False,35.41,0.7,0.5684,0.7,167,1.0,0.85,0.7,0.9,0.95,1.0,1.0,0.75,0.8,0.85,0.6,0.9,0.8,0.7,0.95,1.0,0.85,0.8,0.8474,0.7576,0.4955,0.8523,0.7382,0.8184,0.783,0.8826,0.9006,0.7063,0.886,0.9063,0.7432,0.5684,0.8944,0.6645,0.9037,0.6753
168,0,Expert,recommender,19,Daily Temperatures,Stack,Medium,0.7,True,15.14,0.75,0.546,0.7,168,1.0,0.85,0.75,0.9,0.95,1.0,1.0,0.75,0.8,0.85,0.6,0.9,0.8,0.7,0.95,1.0,0.85,0.8,0.8474,0.7576,0.546,0.8523,0.7382,0.8184,0.783,0.8826,0.9006,0.7063,0.886,0.9063,0.7432,0.5684,0.8944,0.6645,0.9037,0.6753
169,0,Expert,recommender,80,Insert Interval,Intervals,Medium,0.6,True,30.27,0.65,0.8774,0.7,169,1.0,0.85,0.75,0.9,0.95,1.0,1.0,0.75,0.8,0.85,0.65,0.9,0.8,0.7,0.95,1.0,0.85,0.8,0.8474,0.7576,0.546,0.8523,0.7382,0.8184,0.783,0.8826,0.9006,0.7063,0.8774,0.9063,0.7432,0.5684,0.8944,0.6645,0.9037,0.6753
170,0,Expert,recommender,99,Pacific Atlantic Water flow,Graph,Medium,0.8,True,30.06,0.85,0.7488,0.7,170,1.0,0.85,0.75,0.9,0.95,1.0,1.0,0.75,0.8,0.85,0.65,0.9,0.85,0.7,0.95,1.0,0.85,0.8,0.8474,0.7576,0.546,0.8523,0.7382,0.8184,0.783,0.8826,0.9006,0.7063,0.8774,0.9063,0.7488,0.5684,0.8944,0.6645,0.9037,0.6753
171,0,Expert,recommender,136,Single Number,Bit Manipulation,Easy,0.85,True,7.52,0.9,0.9133,0.7,171,1.0,0.85,0.75,0.9,0.95,1.0,1.0,0.75,0.8,0.85,0.65,0.9,0.85,0.7,0.95,1.0,0.9,0.8,0.8474,0.7576,0.546,0.8523,0.7382,0.8184,0.783,0.8826,0.9006,0.7063,0.8774,0.9063,0.7488,0.5684,0.8944,0.6645,0.9133,0.6753
172,0,Expert,recommender,71,Subsets,Backtracking,Medium,0.85,False,33.22,0.85,0.6557,0.7,172,1.0,0.85,0.75,0.9,0.95,1.0,1.0,0.75,0.8,0.85,0.65,0.9,0.85,0.7,0.95,1.0,0.9,0.8,0.8474,0.7576,0.546,0.8523,0.7382,0.8184,0.783,0.8826,0.9006,0.6557,0.8774,0.9063,0.7488,0.5684,0.8944,0.6645,0.9133,0.6753
173,0,Expert,recommender,119,Decode Ways,1DDP,Medium,0.95,True,18.42,1.0,0.905,0.7,173,1.0,0.85,0.75,0.9,0.95,1.0,1.0,0.75,0.8,0.85,0.65,0.9,0.85,0.7,1.0,1.0,0.9,0.8,0.8474,0.7576,0.546,0.8523,0.7382,0.8184,0.783,0.8826,0.9006,0.6557,0.8774,0.9063,0.7488,0.5684,0.905,0.6645,0.9133,0.6753
174,0,Expert,recommender,79,N-Queens,Backtracking,Hard,0.85,True,50.4,0.9,0.6701,0.7,174,1.0,0.85,0.75,0.9,0.95,1.0,1.0,0.75,0.8,0.9,0.65,0.9,0.85,0.7,1.0,1.0,0.9,0.8,0.8474,0.7576,0.546,0.8523,0.7382,0.8184,0.783,0.8826,0.9006,0.6701,0.8774,0.9063,0.7488,0.5684,0.905,0.6645,0.9133,0.6753
175,0,Expert,recommender,17,Evaluate Revserse Polish Notation,Stack,Medium,0.75,True,35.89,0.8,0.5714,0.7,175,1.0,0.85,0.8,0.9,0.95,1.0,1.0,0.75,0.8,0.9,0.65,0.9,0.85,0.7,1.0,1.0,0.9,0.8,0.8474,0.7576,0.5714,0.8523,0.7382,0.8184,0.783,0.8826,0.9006,0.6701,0.8774,0.9063,0.7488,0.5684,0.905,0.6645,0.9133,0.6753
176,0,Expert,recommender,72,Combination Sum,Backtracking,Medium,0.9,True,24.82,0.95,0.6831,0.7,176,1.0,0.85,0.8,0.9,0.95,1.0,1.0,0.75,0.8,0.95,0.65,0.9,0.85,0.7,1.0,1.0,0.9,0.8,0.8474,0.7576,0.5714,0.8523,0.7382,0.8184,0.783,0.8826,0.9006,0.6831,0.8774,0.9063,0.7488,0.5684,0.905,0.6645,0.9133,0.6753
177,0,Expert,recommender,91,Merge Triplets to Form Target Triplet,Greedy,Medium,0.9,True,21.47,0.95,0.8957,0.7,177,1.0,0.85,0.8,0.9,0.95,1.0,1.0,0.75,0.8,0.95,0.65,0.95,0.85,0.7,1.0,1.0,0.9,0.8,0.8474,0.7576,0.5714,0.8523,0.7382,0.8184,0.783,0.8826,0.9006,0.6831,0.8774,0.8957,0.7488,0.5684,0.905,0.6645,0.9133,0.6753
178,0,Expert,recommender,145,Set Matrix Zeroes,Math,Medium,0.8,True,26.17,0.85,0.6878,0.7,178,1.0,0.85,0.8,0.9,0.95,1.0,1.0,0.75,0.8,0.95,0.65,0.95,0.85,0.7,1.0,1.0,0.9,0.85,0.8474,0.7576,0.5714,0.8523,0.7382,0.8184,0.783,0.8826,0.9006,0.6831,0.8774,0.8957,0.7488,0.5684,0.905,0.6645,0.9133,0.6878
179,0,Expert,recommender,111,Alien Dictionary,Graph2,Hard,0.7,False,56.01,0.7,0.5315,0.7,179,1.0,0.85,0.8,0.9,0.95,1.0,1.0,0.75,0.8,0.95,0.65,0.95,0.85,0.7,1.0,1.0,0.9,0.85,0.8474,0.7576,0.5714,0.8523,0.7382,0.8184,0.783,0.8826,0.9006,0.6831,0.8774,0.8957,0.7488,0.5315,0.905,0.6645,0.9133,0.6878
180,0,Expert,recommender,45,Reverse Nodes in k-group,Linked List,Hard,1.0,False,48.28,1.0,0.7566,0.7,180,1.0,0.85,0.8,0.9,0.95,1.0,1.0,0.75,0.8,0.95,0.65,0.95,0.85,0.7,1.0,1.0,0.9,0.85,0.8474,0.7576,0.5714,0.8523,0.7382,0.7566,0.783,0.8826,0.9006,0.6831,0.8774,0.8957,0.7488,0.5315,0.905,0.6645,0.9133,0.6878
181,0,Expert,recommender,82,Non Overlapping Intervals,Intervals,Medium,0.65,True,27.83,0.7,0.8697,0.7,181,1.0,0.85,0.8,0.9,0.95,1.0,1.0,0.75,0.8,0.95,0.7,0.95,0.85,0.7,1.0,1.0,0.9,0.85,0.8474,0.7576,0.5714,0.8523,0.7382,0.7566,0.783,0.8826,0.9006,0.6831,0.8697,0.8957,0.7488,0.5315,0.905,0.6645,0.9133,0.6878
182,0,Expert,recommender,20,Car Fleet,Stack,Medium,0.8,True,35.39,0.85,0.5943,0.7,182,1.0,0.85,0.85,0.9,0.95,1.0,1.0,0.75,0.8,0.95,0.7,0.95,0.85,0.7,1.0,1.0,0.9,0.85,0.8474,0.7576,0.5943,0.8523,0.7382,0.7566,0.783,0.8826,0.9006,0.6831,0.8697,0.8957,0.7488,0.5315,0.905,0.6645,0.9133,0.6878
183,0,Expert,recommender,102,Course Schedule II,Graph,Medium,0.85,True,23.81,0.9,0.754,0.7,183,1.0,0.85,0.85,0.9,0.95,1.0,1.0,0.75,0.8,0.95,0.7,0.95,0.9,0.7,1.0,1.0,0.9,0.85,0.8474,0.7576,0.5943,0.8523,0.7382,0.7566,0.783,0.8826,0.9006,0.6831,0.8697,0.8957,0.754,0.5315,0.905,0.6645,0.9133,0.6878
184,0,Expert,recommender,147,Plus One,Math,Easy,0.85,True,8.34,0.9,0.719,0.7,184,1.0,0.85,0.85,0.9,0.95,1.0,1.0,0.75,0.8,0.95,0.7,0.95,0.9,0.7,1.0,1.0,0.9,0.9,0.8474,0.7576,0.5943,0.8523,0.7382,0.7566,0.783,0.8826,0.9006,0.6831,0.8697,0.8957,0.754,0.5315,0.905,0.6645,0.9133,0.719
185,0,Expert,recommender,18,Generate Parenthesis,Stack,Medium,0.85,True,34.31,0.9,0.6148,0.7,185,1.0,0.85,0.9,0.9,0.95,1.0,1.0,0.75,0.8,0.95,0.7,0.95,0.9,0.7,1.0,1.0,0.9,0.9,0.8474,0.7576,0.6148,0.8523,0.7382,0.7566,0.783,0.8826,0.9006,0.6831,0.8697,0.8957,0.754,0.5315,0.905,0.6645,0.9133,0.719
186,0,Expert,recommender,94,Number of Islands,Graph,Medium,0.9,False,30.24,0.9,0.6986,0.7,186,1.0,0.85,0.9,0.9,0.95,1.0,1.0,0.75,0.8,0.95,0.7,0.95,0.9,0.7,1.0,1.0,0.9,0.9,0.8474,0.7576,0.6148,0.8523,0.7382,0.7566,0.783,0.8826,0.9006,0.6831,0.8697,0.8957,0.6986,0.5315,0.905,0.6645,0.9133,0.719
187,0,Expert,recommender,88,Jump Game II,Greedy,Medium,0.95,False,30.36,0.95,0.8261,0.7,187,1.0,0.85,0.9,0.9,0.95,1.0,1.0,0.75,0.8,0.95,0.7,0.95,0.9,0.7,1.0,1.0,0.9,0.9,0.8474,0.7576,0.6148,0.8523,0.7382,0.7566,0.783,0.8826,0.9006,0.6831,0.8697,0.8261,0.6986,0.5315,0.905,0.6645,0.9133,0.719
188,0,Expert,recommender,135,Regex Matching,2DDP,Hard,1.0,True,45.88,1.0,0.678,0.7,188,1.0,0.85,0.9,0.9,0.95,1.0,1.0,0.75,0.8,0.95,0.7,0.95,0.9,0.7,1.0,1.0,0.9,0.9,0.8474,0.7576,0.6148,0.8523,0.7382,0.7566,0.783,0.8826,0.9006,0.6831,0.8697,0.8261,0.6986,0.5315,0.905,0.678,0.9133,0.719
189,0,Expert,recommender,45,Reverse Nodes in k-group,Linked List,Hard,1.0,True,23.03,1.0,0.7609,0.7,189,1.0,0.85,0.9,0.9,0.95,1.0,1.0,0.75,0.8,0.95,0.7,0.95,0.9,0.7,1.0,1.0,0.9,0.9,0.8474,0.7576,0.6148,0.8523,0.7382,0.7609,0.783,0.8826,0.9006,0.6831,0.8697,0.8261,0.6986,0.5315,0.905,0.678,0.9133,0.719
190,0,Expert,recommender,104,Number of Connected Components in Undirected Graph,Graph,Medium,0.9,True,15.21,0.95,0.7287,0.7,190,1.0,0.85,0.9,0.9,0.95,1.0,1.0,0.75,0.8,0.95,0.7,0.95,0.95,0.7,1.0,1.0,0.9,0.9,0.8474,0.7576,0.6148,0.8523,0.7382,0.7609,0.783,0.8826,0.9006,0.6831,0.8697,0.8261,0.7287,0.5315,0.905,0.678,0.9133,0.719
191,0,Expert,recommender,130,Interleaving String,2DDP,Medium,1.0,False,31.53,1.0,0.6302,0.7,191,1.0,0.85,0.9,0.9,0.95,1.0,1.0,0.75,0.8,0.95,0.7,0.95,0.95,0.7,1.0,1.0,0.9,0.9,0.8474,0.7576,0.6148,0.8523,0.7382,0.7609,0.783,0.8826,0.9006,0.6831,0.8697,0.8261,0.7287,0.5315,0.905,0.6302,0.9133,0.719
192,0,Expert,recommender,143,Rotate Image,Math,Medium,0.9,False,34.91,0.9,0.6671,0.7,192,1.0,0.85,0.9,0.9,0.95,1.0,1.0,0.75,0.8,0.95,0.7,0.95,0.95,0.7,1.0,1.0,0.9,0.9,0.8474,0.7576,0.6148,0.8523,0.7382,0.7609,0.783,0.8826,0.9006,0.6831,0.8697,0.8261,0.7287,0.5315,0.905,0.6302,0.9133,0.6671
193,0,Expert,recommender,137,Number of 1 Bits,Bit Manipulation,Easy,0.9,True,9.25,0.95,0.922,0.7,193,1.0,0.85,0.9,0.9,0.95,1.0,1.0,0.75,0.8,0.95,0.7,0.95,0.95,0.7,1.0,1.0,0.95,0.9,0.8474,0.7576,0.6148,0.8523,0.7382,0.7609,0.783,0.8826,0.9006,0.6831,0.8697,0.8261,0.7287,0.5315,0.905,0.6302,0.922,0.6671
194,0,Expert,recommender,85,Minimum interval to include each query,Intervals,Hard,0.7,False,51.75,0.7,0.8027,0.7,194,1.0,0.85,0.9,0.9,0.95,1.0,1.0,0.75,0.8,0.95,0.7,0.95,0.95,0.7,1.0,1.0,0.95,0.9,0.8474,0.7576,0.6148,0.8523,0.7382,0.7609,0.783,0.8826,0.9006,0.6831,0.8027,0.8261,0.7287,0.5315,0.905,0.6302,0.922,0.6671
195,0,Expert,recommender,105,Redundant Connection,Graph,Medium,0.95,True,23.2,1.0,0.7358,0.7,195,1.0,0.85,0.9,0.9,0.95,1.0,1.0,0.75,0.8,0.95,0.7,0.95,1.0,0.7,1.0,1.0,0.95,0.9,0.8474,0.7576,0.6148,0.8523,0.7382,0.7609,0.783,0.8826,0.9006,0.6831,0.8027,0.8261,0.7358,0.5315,0.905,0.6302,0.922,0.6671
196,0,Expert,recommender,121,Maximum Product Subarray,1DDP,Medium,1.0,True,22.19,1.0,0.8945,0.7,196,1.0,0.85,0.9,0.9,0.95,1.0,1.0,0.75,0.8,0.95,0.7,0.95,1.0,0.7,1.0,1.0,0.95,0.9,0.8474,0.7576,0.6148,0.8523,0.7382,0.7609,0.783,0.8826,0.9006,0.6831,0.8027,0.8261,0.7358,0.5315,0.8945,0.6302,0.922,0.6671
197,0,Expert,recommender,84,Meeting Rooms II,Intervals,Medium,0.7,True,34.44,0.75,0.8024,0.7,197,1.0,0.85,0.9,0.9,0.95,1.0,1.0,0.75,0.8,0.95,0.75,0.95,1.0,0.7,1.0,1.0,0.95,0.9,0.8474,0.7576,0.6148,0.8523,0.7382,0.7609,0.783,0.8826,0.9006,0.6831,0.8024,0.8261,0.7358,0.5315,0.8945,0.6302,0.922,0.6671
198,0,Expert,recommender,108,Reconstruct Itinerary,Graph2,Hard,0.7,False,52.82,0.7,0.4984,0.7,198,1.0,0.85,0.9,0.9,0.95,1.0,1.0,0.75,0.8,0.95,0.75,0.95,1.0,0.7,1.0,1.0,0.95,0.9,0.8474,0.7576,0.6148,0.8523,0.7382,0.7609,0.783,0.8826,0.9006,0.6831,0.8024,0.8261,0.7358,0.4984,0.8945,0.6302,0.922,0.6671
199,0,Expert,recommender,95,Max Area of Island,Graph,Medium,1.0,True,26.63,1.0,0.7423,0.7,199,1.0,0.85,0.9,0.9,0.95,1.0,1.0,0.75,0.8,0.95,0.75,0.95,1.0,0.7,1.0,1.0,0.95,0.9,0.8474,0.7576,0.6148,0.8523,0.7382,0.7609,0.783,0.8826,0.9006,0.6831,0.8024,0.8261,0.7423,0.4984,0.8945,0.6302,0.922,0.6671
200,0,Expert,recommender,21,Largest Rectangle in Histogram,Stack,Hard,0.9,False,48.53,0.9,0.5733,0.7,200,1.0,0.85,0.9,0.9,0.95,1.0,1.0,0.75,0.8,0.95,0.75,0.95,1.0,0.7,1.0,1.0,0.95,0.9,0.8474,0.7576,0.5733,0.8523,0.7382,0.7609,0.783,0.8826,0.9006,0.6831,0.8024,0.8261,0.7423,0.4984,0.8945,0.6302,0.922,0.6671
